,mood,circumplex.arousal,circumplex.valence,activity,screen,call,sms,appCat.builtin,appCat.communication,appCat.entertainment,appCat.finance,appCat.game,appCat.office,appCat.other,appCat.social,appCat.travel,appCat.unknown,appCat.utilities,appCat.weather
0,,,,,,12.0,6.0,,,,,,,,,,,,
1,6.25,-0.25,0.75,,,6.0,3.0,,,,,,,,,,,,
2,6.333333333333333,0.0,0.3333333333333333,,,5.0,1.0,,,,,,,,,,,,
3,,,,,,7.0,0.0,,,,,,,,,,,,
4,,,,,,15.0,1.0,,,,,,,,,,,,
5,,,,,,4.0,8.0,,,,,,,,,,,,
6,6.466666666666667,0.3333333333333333,0.4,0.1638829977636868,10.4094265763353,11.0,1.0,8.595241049160592,9.83356689364466,7.343414586130041,4.736400182430781,,5.1486914345921955,6.045152222675688,8.803379445689608,6.85935253975397,3.810499563223758,6.6431840810274485,3.413981976021575
7,6.541666666666667,0.125,0.5,0.10587652868507935,11.229396702227248,17.0,2.0,9.572142161155575,10.500659977510175,8.188799673888942,5.564045198643492,5.451192948068578,5.222844617355817,6.441517350576685,9.32217490588043,7.377838905028043,5.4605340003590745,6.819728113526772,
8,7.086956521739131,0.0,0.6086956521739131,0.08459033683064397,11.054298270048028,15.0,1.0,9.242639687423324,10.015365006745068,8.895086877134618,6.729654402572196,5.655701558910633,5.208770049506084,7.068922996003363,9.255322054983942,7.523177106393929,4.56191815799329,7.443221806684557,
9,6.478260869565218,-0.5217391304347826,0.34782608695652173,0.08200170134719968,10.904769589100189,11.0,1.0,10.123206125301685,10.389483772106201,8.174579494575799,4.8069838643599745,4.73975352512282,2.8394877364701547,6.635032752468861,8.909306087496105,6.053300200036017,,6.525733222600439,
10,7.125,-0.7083333333333334,0.625,0.08538190830638939,11.005978559297082,12.0,0.0,8.841901937259994,10.324422877372522,9.252322844880851,4.729368157431538,0.05732506661926935,3.143936738203707,6.677803604904106,8.924979204140444,3.670333536826838,,7.351305198941644,
11,7.090909090909091,-0.2727272727272727,0.6818181818181818,0.07220979780083985,11.020551507286601,11.0,3.0,8.40763855940237,10.336427253594858,8.990746139371518,5.219160516386847,,,6.096425733044307,9.341780391704168,3.6234605455490576,,7.338960905719857,
12,7.375,-0.25,0.9166666666666666,0.09259854026064035,10.905052012545497,8.0,2.0,9.144132191065513,10.181872830908054,8.054210299019946,5.694126000622888,3.3701881947878105,,5.4582314062643995,8.776453566877182,5.564681313916763,,7.047176293682843,
13,7.5,-0.17391304347826086,0.9565217391304348,0.09009446029133043,11.181338052128147,7.0,5.0,8.625250686952123,10.338482465701668,8.867710757552201,5.621581328117459,,,7.127747469972358,8.966825093959441,6.372078405043499,1.146767330555157,7.430835112286978,
14,7.6,-0.36,0.92,0.07757826351061665,10.976135636266568,10.0,4.0,9.222113397148014,10.247075944868607,8.398316633081809,8.080586271768196,5.809057986701323,3.3356983994294596,5.928822892447801,9.061236004735564,5.751873982123455,,7.076295643199822,
15,8.0,-0.3333333333333333,1.0,0.08335853148884136,9.671805463953666,0.0,1.0,7.989574686520652,9.076609187966119,8.296264685077578,5.691416328068633,,,4.331969418132511,6.586699791228174,4.9672475107532685,3.404591614730171,5.96598262309329,
16,,,,,,21.0,9.0,,,,,,,,,,,,
17,,,,,,27.0,10.0,,,,,,,,,,,,
18,,,,,,26.0,5.0,,,,,,,,,,,,
19,,,,,,40.0,6.0,,,,,,,,,,,,
20,,,,,,31.0,10.0,,,,,,,,,,,,
21,7.25,0.4166666666666667,0.5,0.20787432667041228,10.184495666228365,36.0,2.0,9.093206937783075,9.60418893520057,8.071113879697792,,,,6.713701973552143,6.264567103040929,4.8338981155962015,,,
22,6.857142857142857,-0.5238095238095238,0.2857142857142857,0.3134639916528158,10.486178785640911,58.0,5.0,9.034510895948038,9.332731529467148,7.525603316687685,,,,5.815341738316757,7.0458593260689435,8.023967443873248,,,
23,7.043478260869565,-0.5652173913043478,0.391304347826087,0.23420782335281726,10.051486305068618,28.0,2.0,9.098001117021491,9.43962113203893,7.9919910523456785,,,,6.938919587824447,8.464183055678573,,,4.207122500657789,
24,7.043478260869565,-0.6521739130434783,0.391304347826087,0.28270226090236883,10.056036821982643,32.0,4.0,10.091194167177584,9.21021036352545,8.241507408221901,,,,6.333221011856958,8.129884650708341,6.741516498232029,,,
25,6.260869565217392,-0.4782608695652174,0.08695652173913043,0.24679128575060189,10.420854465348327,24.0,1.0,8.765210099961132,9.525153082617194,8.163341401482548,,,,6.091400375720582,7.98005028599954,6.56013210106339,,,
26,6.764705882352941,-0.35294117647058826,0.4117647058823529,0.3145389300260454,10.209120023300462,36.0,5.0,8.894274188396347,9.315438583235219,7.70380375379222,,,,6.1824753263607315,7.587927649559485,7.3252984856426835,,2.2006631032686617,
27,7.222222222222222,-0.16666666666666666,0.4444444444444444,0.23712078574665885,8.665564919224298,49.0,16.0,7.343614439119106,8.058711410018976,6.188161448407208,,,,4.608105872640185,5.324345672069164,5.0729588640395225,,4.436609512444173,
28,5.769230769230769,-0.6153846153846154,-0.15384615384615385,0.21666666666666667,5.3003253501430745,36.0,5.0,2.3115448343655176,4.281391050039134,,,,,,4.671772201655672,,,,
29,6.8,-0.4,0.2,0.08866995073891634,,7.0,1.0,,,,,,,,,,,,
30,,,,,,21.0,4.0,,,,,,,,,,,,
31,,,,,,13.0,6.0,,,,,,,,,,,,
32,,,,,,13.0,5.0,,,,,,,,,,,,
33,,,,,,5.0,4.0,,,,,,,,,,,,
34,,,,,,10.0,3.0,,,,,,,,,,,,
35,,,,,,35.0,5.0,,,,,,,,,,,,
36,8.166666666666666,0.4166666666666667,1.25,0.1322694263201946,9.143861623358116,27.0,7.0,7.041165789300688,8.212393715226396,8.795269071792308,3.5935792742596115,,5.147750258052131,6.784833688537783,,6.095711943478336,,1.4701758451005926,3.8034127707040972
37,7.909090909090909,-0.18181818181818182,1.1363636363636365,0.10450735015263209,9.930675050234802,16.0,2.0,7.659757045180099,8.818003312700343,9.44310786425051,6.461313476888372,,5.84854061089519,7.217982538003381,,2.552565298261815,4.866179687024037,4.069266041845564,
38,7.88,0.12,0.84,0.11715704260530165,9.989591301089515,8.0,2.0,8.153360117657462,8.89858306964743,9.197920361974475,5.52522183673247,,4.677239653230364,6.538633189741647,,3.9916656330803426,3.5629476825072626,1.6409365794934714,3.464328663102245
39,7.48,0.36,1.04,0.10120138094402926,9.926278162145593,9.0,3.0,9.955794952544709,8.54041486905349,9.434167769414323,5.335536077030645,,5.469451577701415,7.673894523587599,,2.9804155694420977,6.090311646449697,3.3740659642701214,
40,7.565217391304348,0.391304347826087,1.0434782608695652,0.11024898938576619,9.940041925681598,8.0,3.0,9.932088614737664,8.54767467465284,9.406805436155802,4.330378014007531,,7.3300847148813,7.4187772834641725,2.5817308344235403,,7.762493108320597,2.627779689705598,
41,7.458333333333333,0.2916666666666667,0.875,0.10924324439454274,10.176900478121478,13.0,4.0,8.697285264757909,9.368211949241983,9.292979153086945,5.388519065710299,,6.538197709212391,8.483848588064317,3.722435112642146,,5.092663721230972,4.030623484664248,
42,7.565217391304348,0.30434782608695654,0.9130434782608695,0.10853198334087051,9.937797719088232,16.0,3.0,8.073411697127867,8.594881005426005,9.413991086404208,3.1438936245345115,,5.4089280757879905,7.552066669331799,,5.571659613394992,5.585505567065148,2.5963734838775876,
43,7.391304347826087,-0.43478260869565216,0.9565217391304348,0.1334505503773496,10.268468907468206,4.0,6.0,6.6272527054721735,9.524372998945923,9.775304858656652,5.540400427681641,,5.18457739667513,7.937194322754133,2.968104106436517,6.2932935777856205,5.026810434979183,2.3198354464005733,
44,7.2,-1.04,1.08,0.11235646733639912,9.97623798213344,12.0,1.0,7.795304090875565,9.070382660439492,9.520555678457223,6.311435308771762,,4.2146725050017135,6.901416229595628,2.063820160776879,5.087059153939308,4.2633697798487065,4.257143452527192,
45,7.526315789473684,-0.8333333333333334,0.9444444444444444,0.0974296282654727,9.853862182166964,13.0,1.0,7.622613069402909,8.382603639138207,9.137297739838521,2.583469110944827,,3.3606184131642394,6.39875964642703,,5.3131616430835935,5.507759480397274,2.862029437662483,
46,,,,0.0,,0.0,0.0,,,,,,,,,,,,
47,,,,,,3.0,0.0,,,,,,,,,,,,
48,,,,,,2.0,0.0,,,,,,,,,,,,
49,,,,,,15.0,0.0,,,,,,,,,,,,
50,,,,,,7.0,0.0,,,,,,,,,,,,
51,,,,,,8.0,1.0,,,,,,,,,,,,
52,6.555555555555555,-0.2222222222222222,0.5555555555555556,0.10415791064401977,10.40016935233406,18.0,2.0,7.903605155478213,9.957167219769671,8.522530323554646,,,,6.730584832410683,7.049447531023304,,5.626101974771684,5.168157427040164,
53,5.863636363636363,-0.2727272727272727,0.09090909090909091,0.08122993535896159,9.89288105193545,3.0,13.0,6.941493684016796,9.619399015594476,8.104898917547619,,,,6.296683815054932,,,3.15243683231163,3.0967533876127193,
54,5.380952380952381,-0.7619047619047619,0.09523809523809523,0.04244645220742427,10.552759201153169,2.0,4.0,7.757938259120167,10.297079384783554,9.129603306625473,,,,6.537499966425336,5.843564706680596,,6.252031042710829,6.539616301978024,
55,6.68,-0.32,0.96,0.07720628448218492,9.675461036263053,9.0,1.0,7.3940344894701155,9.205211240441749,8.173561668151764,,,,6.256222099222656,6.500247085195076,,6.2902274992205385,5.4756180062739945,
56,7.043478260869565,-0.5217391304347826,0.9130434782608695,0.06154356112527374,10.146098890801039,7.0,0.0,8.092238794916131,9.82561060208309,7.59004017798825,,,,6.8401496591022815,6.789409710133621,,6.002149756386695,4.849777728866323,
57,7.0,0.0,0.6956521739130435,0.07920099214455759,10.272618704786739,3.0,3.0,7.881454926651339,9.982562838562055,8.496076597243553,,,3.0505518433180976,7.9713585063604135,7.0070040559560125,,5.49258396310986,3.942164162340133,
58,6.916666666666667,-0.16666666666666666,0.7083333333333334,0.09876705283700578,9.960855347253315,13.0,0.0,7.799355288264135,9.442305538175368,7.531718498370089,,,,7.001902965170695,8.342307757998034,,6.226501095532197,5.0031473291303525,
59,7.25,-0.4166666666666667,0.9583333333333334,0.07521256552377519,10.260714799071627,4.0,2.0,7.852697216890954,9.823574973895441,7.666687859253376,,,,6.466562988230488,8.58613326150922,1.6152211571898276,6.448216699584165,5.870544721867166,
60,7.36,-0.88,1.0,0.07767190568642089,10.089135736755265,5.0,2.0,8.037593587725684,9.764447644431478,8.102951481365553,,,,6.330636707082274,8.275463482606348,,5.9910844748896865,5.280759118746895,
61,6.92,-0.24,0.96,0.029037551580003537,10.350893069407844,1.0,7.0,8.284951628421657,10.001078991924375,7.51732191777373,,,,6.745339873537327,8.44522231865337,,6.510816220593407,4.180996152273949,
62,6.7272727272727275,0.09090909090909091,1.0,0.05214619888710669,8.974207954190595,3.0,5.0,6.503849454559056,8.662344065640891,6.085803801170965,,,,5.155428038997797,6.671649327585341,,5.7825536049870605,3.5619831434253917,
63,,,,,,20.0,0.0,,,,,,,,,,,,
64,,,,,,1.0,37.0,,,,,,,,,,,,
65,,,,,,4.0,25.0,,,,,,,,,,,,
66,,,,,,8.0,1.0,,,,,,,,,,,,
67,,,,,,10.0,0.0,,,,,,,,,,,,
68,,,,,,1.0,11.0,,,,,,,,,,,,
69,,,,,,1.0,9.0,,,,,,,,,,,,
70,7.368421052631579,0.0,0.7368421052631579,0.13605704058451204,10.411098545023691,6.0,1.0,6.844710042340087,9.674070740402927,9.256609074216328,,,5.871816335592055,6.704535671134415,9.083565871482644,6.467995265982989,,,
71,7.416666666666667,-0.16666666666666666,0.6666666666666666,0.1742196593022208,10.542694464874305,9.0,4.0,8.678190493826476,9.469842621706968,8.916617825874825,,8.087408853501673,5.270545267201832,5.738567080768966,9.314640745882272,3.0965725884800626,,,1.580832655423766
72,6.88,-0.48,0.36,0.1609137520615459,10.376083225758284,8.0,0.0,8.029486910780662,9.487625154453447,8.37961820590667,,7.4059575625865515,,5.697982353091395,9.456686255232283,6.773773499234273,,,
73,7.52,0.04,0.72,0.18718815901000108,10.500792661835026,6.0,5.0,8.55231706242185,9.633005638927958,9.480143514638687,,6.9253525350574465,6.602275767499775,5.8055806527172376,9.446135710832298,7.1808517467786555,,,3.7664421660617267
74,7.142857142857143,-0.23809523809523808,0.5714285714285714,0.1999397640684851,10.760576961700663,11.0,1.0,8.759333241270564,9.95124780557674,8.989132570888001,,,6.034456984512061,7.416428989041758,9.394860343817303,6.293644761741232,,,2.4895624613241942
75,7.0,-0.041666666666666664,0.625,0.09487074820218817,10.596864906626573,14.0,1.0,8.036780374058441,9.824154205706687,9.298689104307376,,4.343116873170125,3.9896875027846233,5.7228102920607835,8.963610205605784,6.711948402618187,,,
76,7.130434782608695,-0.391304347826087,0.782608695652174,0.18227712259500276,10.410917316904838,22.0,4.0,7.981740802891859,9.673852980051548,8.793058216783736,,,5.713481948964989,6.060797027587937,9.003489988178265,7.465081018185013,,,3.7304771477018637
77,7.217391304347826,-0.34782608695652173,0.8260869565217391,0.1874910057547955,10.429100690064475,9.0,0.0,8.151780469755995,9.670956324549195,8.944303541887765,,,4.9032653534883,5.2605635769361205,9.351891321818407,6.403261235059758,,,1.9602356191999566
78,6.9375,-0.6875,0.375,0.14094292231381172,10.242280843393697,3.0,3.0,7.611607456058522,9.547120489768552,8.41573903598863,,,6.039749821937477,6.765026289272144,9.128664264364321,4.831947128534722,4.543262866867096,,2.0826862718447248
79,7.0,-1.0,1.0,0.0,,0.0,0.0,,5.715259692029907,2.7035065610523374,,,,,4.152550575286463,,,,
80,,,,,7.076141860137977,3.0,1.0,6.095166688422908,7.14722483289512,7.308353228332968,,,,5.148069892625365,5.398099351094867,,4.084142699737504,,
81,6.523809523809524,-0.42857142857142855,0.7142857142857143,,11.025788974855175,0.0,3.0,8.594620420166327,10.35550903016383,8.726968261451566,,,,6.60615817328782,8.689344539852403,6.829585067093619,5.9123996945116275,3.4409948515362214,
82,7.363636363636363,0.045454545454545456,0.9545454545454546,0.1015817163241624,10.818096370731755,19.0,21.0,9.165517049476417,10.113369556967145,8.649041117806318,,,,7.113219467278355,8.834927973243564,6.9955381083258645,5.720551092231438,2.6550712763113236,
83,6.090909090909091,-0.5,0.45454545454545453,0.07868730237430893,11.01092130076221,23.0,19.0,9.242994475912363,10.028995562487262,9.695331254170737,,,,6.489396402355272,8.863094548119241,7.3086251786065946,,,
84,6.142857142857143,-0.5238095238095238,0.38095238095238093,0.10160807199432188,10.77867577142024,23.0,11.0,8.813752841309123,9.846897412492153,9.547715843415128,,,,6.606352844699316,9.089005498505308,6.143835787528736,5.0147069934663095,5.898337233117606,
85,6.181818181818182,-0.18181818181818182,0.36363636363636365,0.09386554372566573,10.73867603230569,11.0,17.0,8.405651165083118,9.772266631572256,9.139752336033494,,,,6.314238025577926,8.417949264564399,6.628036085160245,6.188771181365124,1.798072831284647,
86,5.409090909090909,-0.7272727272727273,0.2727272727272727,0.05866868541396275,10.55826841889052,10.0,9.0,8.564932708611286,9.915320170181438,8.907287572832276,,,,6.531258021839173,8.54759435721656,3.5041750606181874,3.0950344746278535,,
87,6.0,-0.45,0.3,0.05799535828566711,10.31751496593328,1.0,4.0,8.114146057650533,9.61355996079196,8.573927904396541,,,,6.142699551911484,8.440163323911628,6.59985961479986,5.086484606379694,,
88,5.380952380952381,-0.42857142857142855,0.047619047619047616,0.06834496123830598,10.528384211097688,15.0,2.0,8.34377389168547,10.048574422719856,7.880867078912661,,,,6.6127249407010975,8.566768951686136,4.398293607137753,6.775265629269282,0.002995508979798371,
89,5.866666666666666,-0.8666666666666667,0.4,0.0831930012789311,10.586739865070832,10.0,12.0,9.312841363087909,10.434133244622673,8.333873056208775,,2.64368944194182,,7.418144207410597,8.428669034388031,0.003992021269537457,6.79050210292536,1.9754689512968577,
90,6.0,-1.0,0.3333333333333333,0.07734375000000002,8.293931383157158,1.0,0.0,6.708680975275006,7.805561826032737,6.124608989877065,,,,3.838591727342263,7.024270845071555,,,,
91,,,,,,0.0,6.0,,,,,,,,,,,,
92,,,,,,1.0,0.0,,,,,,,,,,,,
93,,,,,,0.0,11.0,,,,,,,,,,,,
94,7.055555555555555,0.0,0.8333333333333334,,,0.0,16.0,,,,,,,,,,,,
95,6.84,-0.2,0.76,,6.716592352674678,0.0,18.0,5.131152366643093,5.660137053571342,,,,,5.341640231283857,5.3030610972451075,,,2.5697072514804655,
96,6.5,-0.4166666666666667,0.75,0.023904200536661407,9.18555124479138,0.0,14.0,6.771847350345946,9.104796172782901,5.395353329059631,,,2.8382594147294267,5.655257275380471,9.136690710166844,7.1525389839926214,5.1943281324759285,3.4413151282580445,
97,6.72,-0.28,0.8,0.03877992462043864,8.990081406109802,3.0,5.0,8.561274763735984,9.044275043786731,3.2760497941427187,,,,8.3600358628138,8.406359503014277,6.023880913107879,,5.106175750415212,
98,6.625,-0.375,0.7083333333333334,0.05093425339508379,9.097470285636307,1.0,24.0,7.230903428601084,8.611605877684609,5.305883669745421,,,5.084498950693076,5.537145272782298,8.595381257227373,,6.265696571835359,3.831723598143417,
99,7.076923076923077,-0.3076923076923077,0.9230769230769231,0.054144126440949195,8.766159175460704,0.0,2.0,4.802692293481726,8.597636680304714,5.27980710378894,,,,5.585246655729576,7.860177727198385,,,3.615932346357871,
100,7.318181818181818,0.045454545454545456,1.1818181818181819,0.06961187374453341,9.356744207929225,3.0,6.0,6.473907671516837,8.838033018995617,6.123229380284784,,,,5.677339247300247,8.47993463197967,,1.9499021703248507,4.474537445352638,
101,7.043478260869565,0.391304347826087,0.8695652173913043,0.08153632957750699,9.365516040775521,1.0,0.0,5.776964780417714,9.09034709553621,5.875043084090731,,,,8.27123792002379,8.604608286900588,,,4.475129835436036,
102,6.68,-0.44,0.8,0.053920003055726765,9.520628784652587,0.0,0.0,6.468819216133296,8.783835063093592,6.226931848111024,,,4.53838915229774,6.272648678594532,8.696073835052678,7.016490394268284,,4.288594689881329,
103,6.52,-0.36,0.72,0.03992782560636289,9.048391044614018,0.0,0.0,7.946175852116364,7.823567096194971,6.5798968368828366,,,1.6158175193981394,5.435484641334882,9.14897154205558,,3.6752368150727777,3.336587746884958,
104,6.083333333333333,-0.25,0.625,0.0667823216707626,9.042589189959624,0.0,3.0,6.476002662112588,8.328478119593527,6.822889961195631,,,5.095858406426659,6.570210467357952,7.916327244394526,,,,
105,6.52,-0.32,0.76,0.06142514202082632,9.476632680794056,0.0,0.0,5.751877158940316,8.618755964771145,8.343860711539678,,,,5.420118983546202,7.8471654842728125,,,5.3265354646220215,
106,7.0,-0.15384615384615385,1.0,0.10006029515441861,8.044226456565703,1.0,0.0,5.517428799788843,7.66812269416958,,,,,4.53449017780035,7.187701002912147,,5.761510355948406,3.789041481012917,
107,,,,,,5.0,0.0,,,,,,,,,,,,
108,,,,,,14.0,2.0,,,,,,,,,,,,
109,,,,,,7.0,6.0,,,,,,,,,,,,
110,,,,,,11.0,8.0,,,,,,,,,,,,
111,,,,,,13.0,4.0,,,,,,,,,,,,
112,,,,,,7.0,0.0,,,,,,,,,,,,
113,6.875,0.375,0.5,0.04809027777777775,9.607393868082358,10.0,6.0,6.168817530960993,8.867273699780917,9.194535022907834,,,2.735795061410769,6.069207689730402,4.948057516111529,5.958179184858941,,1.804511153153218,1.1052568313867783
114,7.409090909090909,0.13636363636363635,0.5454545454545454,0.05960769195682989,10.500429678092697,9.0,2.0,7.458111183365072,9.259780896044333,9.672937452833992,5.627736214979898,,3.0655847754528245,6.301603808622431,7.668718572253267,7.14503997138471,6.118916245790059,5.139638114867051,3.460377823898187
115,7.291666666666667,-0.25,0.5416666666666666,0.07949532754278184,10.585256344016994,17.0,1.0,8.708449381899438,9.698489005419727,9.550155158903872,5.491063564134658,,1.410986973710262,5.696207187818464,6.723607655943597,6.769946178569284,6.592364851155484,4.326500711125668,4.425253734607981
116,7.043478260869565,-0.34782608695652173,0.6086956521739131,0.11791666666666667,10.34212750624796,6.0,1.0,7.216512697891127,9.521877438020786,9.366122605809338,5.609874644433234,5.545220412306432,2.4948569806411687,5.843283513433758,6.953427253313449,7.664785297016095,4.434915530412274,3.2739698871777723,4.741238358264584
117,6.739130434782608,0.13043478260869565,0.4782608695652174,0.06188888888888889,9.848030602229775,6.0,1.0,6.67540825534648,8.80911581002958,8.74119349561286,5.3342249048864545,,0.031498667059371016,5.229840433370594,5.55692072149915,6.9225098923506225,5.442266183890698,4.112790059883984,
118,6.043478260869565,-0.30434782608695654,0.043478260869565216,0.09702441077441076,8.800891639790226,3.0,4.0,5.521668896233246,7.943303869537464,7.962359600527038,5.221911371345411,,1.6152211571898276,4.734750031523986,,6.2762392723186045,5.021515885192468,1.8107447691391356,
119,6.7727272727272725,-0.45454545454545453,0.5454545454545454,0.06421521553563807,9.004822079075415,19.0,1.0,6.9337494831589375,7.795193758949263,8.357898704869168,4.728316590809799,,4.3357208817973705,3.895791992317729,5.910669264654405,6.325864996201629,4.6824182229740074,1.6517308246243516,
120,7.0,-0.15789473684210525,0.7368421052631579,0.08096746150024839,8.81733200553064,7.0,2.0,6.816603341691594,7.924466384079725,8.00774162320339,5.776013209711938,,,4.555328469130876,3.5934967716813597,1.3922764327974382,4.620255823406132,,3.7968365956190286
121,7.090909090909091,-0.2727272727272727,0.6818181818181818,,,0.0,0.0,,,,,,,,,,,,
122,6.909090909090909,0.0,0.5454545454545454,,,0.0,0.0,,,,,,,,,,,,
123,,,,,,3.0,1.0,,,,,,,,,,,,
124,,,,,,17.0,1.0,,,,,,,,,,,,
125,,,,,,12.0,0.0,,,,,,,,,,,,
126,,,,,,14.0,9.0,,,,,,,,,,,,
127,,,,,,3.0,1.0,,,,,,,,,,,,
128,5.5,0.0,-0.5,,,12.0,5.0,,,,,,,,,,,,
129,,,,,,4.0,0.0,,,,,,,,,,,,
130,6.875,-0.25,0.875,0.12487312732217766,9.713762336205937,13.0,1.0,8.628878205206444,8.152261396163786,8.311135098844785,,,,5.0093878496942486,8.982556948082086,,,2.9560034313249943,
131,6.2272727272727275,0.3181818181818182,0.5909090909090909,0.1074438624563936,10.571199841328946,12.0,0.0,9.257562640973452,8.986093587323808,8.130586146997414,5.272568696525259,2.6943568739702077,6.027533664581339,5.618072069217793,9.089528090283412,6.874514888001891,4.099315519847701,3.145745835871476,
132,6.130434782608695,0.30434782608695654,0.5652173913043478,0.1318571425177631,10.346664222844064,14.0,4.0,8.909802145520208,8.524882353892565,8.393999946937571,5.4054213614622375,4.7215922960051335,7.228533578923107,5.529437023987866,9.42683933683839,7.962734681829523,,3.758825204800603,
133,6.304347826086956,-0.043478260869565216,0.4782608695652174,0.11450703636596551,10.571486526034121,4.0,0.0,10.78500479408587,8.659165211508608,8.572471594698838,5.4563419616381506,5.22015039857434,5.669494641486877,5.5613890730271,9.748272998662177,6.920402958815501,,3.3831691791427643,
134,6.541666666666667,-0.041666666666666664,0.7083333333333334,0.12640377529597666,10.5571099958221,15.0,2.0,9.126897022000758,9.085913577850823,8.414078817957938,4.720024492657065,,5.8402782192447384,5.738895403429398,9.6952966510741,6.304980653651425,,3.2299344522249345,
135,6.260869565217392,0.043478260869565216,0.782608695652174,0.1396897835014293,10.836132620237267,7.0,2.0,10.630903300746485,8.80966412892778,9.086357984988737,3.793622279040116,6.416093189446962,4.4124345908452645,5.595644030050028,9.758491433225414,7.803983701845734,,2.9102833117215083,
136,6.333333333333333,-0.09523809523809523,0.7619047619047619,0.17209039725555028,10.15793316231505,17.0,1.0,9.014951690971008,7.568335361913994,7.7963927598981355,5.234306706067512,,5.409044456352568,5.470740091162743,9.339640826792884,8.249723335570096,,3.595200443229948,5.031398244448335
137,6.190476190476191,-0.3333333333333333,0.8095238095238095,0.10239323391649299,10.694112697915305,9.0,10.0,9.192862418530732,8.97082858907157,8.611600236244188,6.615265668817662,5.201867037019967,5.757067284659436,5.460176828644977,9.698099006609704,7.03492434989323,,2.58180647452796,
138,5.428571428571429,-0.42857142857142855,0.07142857142857142,0.08541435741651063,9.631122835047037,3.0,1.0,8.898060369118198,7.756748701091782,7.52970179553096,3.954143356718352,,4.253468568818289,4.753400517947134,8.904078628112735,0.025667746748577813,,3.121218893595407,
139,,,,,,15.0,6.0,,,,,,,,,,,,
140,,,,,,12.0,0.0,,,,,,,,,,,,
141,,,,,,20.0,5.0,,,,,,,,,,,,
142,,,,,,6.0,3.0,,,,,,,,,,,,
143,7.0,-2.0,1.0,,7.132686830861066,3.0,0.0,4.167083740862406,6.24104552939468,4.297394243833178,,,,6.14683448333997,5.15958389511528,,,,
144,6.96,-0.16,0.72,,10.032024600267414,0.0,6.0,8.622396994795336,9.66319917758443,8.093598531639998,,,,8.766856991492977,7.978833973290133,8.038693734614373,4.95567211602097,2.5271676085025097,
145,7.28,0.84,0.92,0.1437840535529152,10.92528614514548,0.0,4.0,7.904730481786499,10.729423834665745,8.680268386169804,,,,8.632871079470133,7.527721365396503,3.850275253136737,2.9631574276218124,,
146,7.96,-0.2,1.36,0.2365124560310292,10.583939969441596,3.0,2.0,7.8618461000163675,10.207669635526523,8.42599349200035,,,3.507597356894644,7.700194247667851,8.331813764098044,7.006352776903407,,3.2385215771150353,
147,7.041666666666667,-1.25,0.875,0.3079689731289409,10.526288097370994,4.0,3.0,8.38411769485531,10.317400411043431,8.180149711666733,,,,7.566977976568998,8.768271702982094,,2.6040961033822683,3.7841214497755935,
148,7.208333333333333,-0.2916666666666667,1.0,0.25963737067471626,10.836304865049692,4.0,11.0,8.351287120260597,10.820468126414564,7.674098087064552,,,,7.691770514977484,7.580411445362011,5.6468663843946985,5.353028064953014,,
149,7.44,0.48,1.16,0.2266357312413305,10.706302932304224,12.0,6.0,8.228571744557106,10.482827813453257,7.206599818640029,,,5.512726887016237,7.338621041642719,7.080238598640188,,,5.8319118023667285,
150,6.375,-0.5416666666666666,0.75,0.2458634491084943,10.584570932178652,6.0,4.0,8.256118774737317,10.412326844851338,4.300897920842408,,,5.06310755989048,7.943660967520283,7.045828840322117,,4.039113701222682,,
151,6.476190476190476,-1.1904761904761905,0.6666666666666666,0.22088945004040614,10.327104874572099,1.0,1.0,8.116649353966531,10.188979490894175,5.972016656885166,,,4.900038872754229,8.120736782846784,6.975516725910327,4.08107355736205,,,
152,7.9523809523809526,-0.6190476190476191,1.2857142857142858,0.3584744942804944,10.701347096244746,5.0,2.0,7.9781138301078505,10.085286514467839,,,,2.7992915081991527,7.725230253689406,8.298834424740873,6.350576768471585,5.6990278560165235,4.247466141278187,
153,8.125,-1.3333333333333333,1.125,0.26258709212849507,10.541760825432453,0.0,0.0,7.68703428317137,10.328781235316255,,,,5.754459746007184,7.421072795403105,7.7516830383815725,7.2565195156207,4.960674444942484,,
154,7.4,-0.8,1.0,,4.239987727913927,0.0,0.0,3.5681796688761516,0.09075436326846412,,,,,,4.234628107669157,,,,
155,,,,,,6.0,9.0,,,,,,,,,,,,
156,,,,,,17.0,6.0,,,,,,,,,,,,
157,,,,,,10.0,19.0,,,,,,,,,,,,
158,,,,,,13.0,15.0,,,,,,,,,,,,
159,,,,,,6.0,8.0,,,,,,,,,,,,
160,,,,,,22.0,3.0,,,,,,,,,,,,
161,6.222222222222222,-0.4444444444444444,0.2777777777777778,0.10203046438304683,10.36202462895402,10.0,1.0,9.524447652768076,9.304603549319216,7.034523603530805,6.750099797841087,,,8.57048880981441,8.438713894312585,4.153210776200142,,2.495929013069736,
162,6.434782608695652,-0.5652173913043478,0.5652173913043478,0.09104700211651508,11.015165627522842,4.0,2.0,9.898770745873103,10.430468601812866,7.2370086651444145,7.396925303759775,,,8.357908320825464,8.698208228418125,7.48703306807985,2.6274184310766193,,
163,6.882352941176471,-0.35294117647058826,0.8235294117647058,0.06848804467715962,9.36260195409152,6.0,3.0,10.454398131275445,8.208313631302714,2.4379897300002487,5.043818587886489,,,5.019396799764828,6.830462702894369,,,,
164,7.304347826086956,-0.8260869565217391,0.9130434782608695,0.025545513693326617,8.696150763002091,1.0,1.0,8.573484863077015,8.991359519596324,,2.0867894793423742,,1.102272249499597,5.688320214324653,5.912099318227188,,,,
165,7.294117647058823,0.17647058823529413,0.9411764705882353,0.06040109109899738,8.028327669756072,3.0,0.0,10.780112683509122,5.606305615964168,,,,,5.219528455875774,4.6892815286067435,,,,
166,6.285714285714286,-0.07142857142857142,0.42857142857142855,0.03137460034518859,7.7069268545480645,0.0,1.0,9.980168183990767,5.051150041420925,,,,4.350832621202893,8.041859542820623,3.5163993113508387,,,,
167,6.9411764705882355,-0.23529411764705882,0.7058823529411765,0.015585009327561131,7.845304832507012,2.0,3.0,8.35979641538149,6.677224509233909,,,5.134026279470903,,5.311805984728592,5.3804271670815265,,,,
168,7.6,0.06666666666666667,1.0,0.04949264417393443,7.903602569682636,0.0,1.0,9.435268250431466,6.7212570118646715,,,,3.4788680474983185,5.35036887341984,2.6526784255672236,4.953719203834754,,,
169,6.571428571428571,0.42857142857142855,0.8571428571428571,0.0358492104254816,6.897931180619801,1.0,0.0,6.654143499523976,3.7463225496504275,,,,,4.698059255450493,5.1902364873877564,,,,
170,6.846153846153846,-0.15384615384615385,0.9230769230769231,0.003213587487781034,7.12942815022476,0.0,0.0,8.593507727316588,5.697797936308945,,,,,4.912243036231804,3.9564225927248304,,,,
171,,,,,,30.0,16.0,,,,,,,,,,,,
172,,,,,,34.0,13.0,,,,,,,,,,,,
173,,,,,,14.0,0.0,,,,,,,,,,,,
174,,,,,,28.0,1.0,,,,,,,,,,,,
175,,,,,,32.0,1.0,,,,,,,,,,,,
176,6.583333333333333,0.0,0.5,0.108842383107089,8.195164502833963,29.0,1.0,7.417900471307151,7.570573655925553,1.6132307106727966,,,3.8107873043472695,5.423993613135973,,4.54914994770994,,2.8380252775239554,
177,7.08,0.16,1.0,0.0727939326571596,8.022166110883443,15.0,7.0,7.441203667363306,7.405918066375904,,,,1.1019400787607843,3.837062362161403,,,,,
178,7.08,1.08,0.92,0.07565095003518651,9.024453587260249,28.0,3.0,7.740079448256507,8.668784713677143,,,,3.066377113123323,6.019184280658123,,4.131945374300217,,3.8759604998829302,
179,7.2,-0.08,0.96,0.21364323507180655,8.21512790809964,35.0,12.0,7.17978727535034,7.775421153023014,,,,2.8960776703938067,2.8938656471504207,5.392322149237628,,,,
180,7.04,0.48,0.68,0.11939206350839125,7.442377309251211,17.0,2.0,6.7000752979944505,6.896288789340889,,,,,2.9013116979344993,5.46466620258184,,,,
181,7.08,0.4,0.88,0.039989296157059304,8.190891974069762,12.0,4.0,7.020625823644455,7.435525921555799,6.027258723306098,,,,2.4048708865347956,6.058599694092819,,,,
182,6.875,0.5416666666666666,0.7916666666666666,0.06756453423120086,8.993086691197993,25.0,2.0,8.038159473364708,8.55528981147508,,,,5.124255603543472,5.0558763103418425,5.150924633604978,5.272383984521532,3.141087241413362,,
183,6.84,-0.16,0.76,0.10767124651533244,8.401888955866074,3.0,0.0,6.750548099481852,7.679339263056895,5.897439541113902,,,6.191527785378094,7.761593419320764,5.14004821745703,4.640855811923108,,,
184,6.84,0.84,0.64,0.10138888888888889,8.442712503833087,15.0,16.0,7.140789753444318,8.295972789663876,3.6681919354168184,,,3.340845639277408,5.968096119897037,2.4917167417165498,,,,
185,6.72,0.68,0.2,0.04136363636363633,7.713931993037163,5.0,0.0,6.492548878170808,8.230391797719722,,4.571085858989329,,,5.456371845198992,,,,,
186,6.947368421052632,0.21052631578947367,0.5263157894736842,0.1173913043478261,7.789734030118808,17.0,3.0,6.960676896931018,7.290967961487165,6.510377381056592,,,,2.7126396534360175,4.241053333900304,3.1399624792252228,,,
187,7.0,0.5,1.0,,,0.0,0.0,,,,,,,,,,,,
188,,,,,,9.0,1.0,,,,,,,,,,,,
189,,,,,,11.0,2.0,,,,,,,,,,,,
190,,,,,,16.0,4.0,,,,,,,,,,,,
191,,,,,,7.0,4.0,,,,,,,,,,,,
192,8.0,-0.5,1.5,,5.3293750438316385,20.0,3.0,3.8946530168656186,5.217134425722351,,,,,,,,,,
193,6.84,-0.2,0.64,0.0552723850839771,7.782105891599414,5.0,9.0,6.337027480705134,7.056005442091866,5.089840728277223,4.399055811666743,,,4.638295436419919,5.767386183993341,,,,
194,6.545454545454546,0.4090909090909091,0.7727272727272727,0.047012650813305745,7.865708356162389,13.0,9.0,6.580259037316857,6.423331375555141,5.744348436402863,2.568558222283611,,,4.180613997374277,5.996024136363999,,,,
195,6.086956521739131,0.043478260869565216,0.5652173913043478,0.12199386119550695,8.717929975620738,1.0,17.0,6.511775046885187,7.147538027848159,8.147132485138535,4.2602685213544165,,,3.4492888891294093,6.1401280570593055,,,,
196,5.85,-0.14285714285714285,0.6666666666666666,0.13157097195653367,9.347017125309199,13.0,10.0,6.1087007666209985,6.4122073545673635,7.299860202621784,2.950682605000267,,,3.505887672769677,4.963019440154593,3.7123273899764846,,,
197,6.6521739130434785,-0.30434782608695654,0.782608695652174,0.11042947968301531,9.1160818889606,5.0,5.0,7.28874735039138,8.0462973242446,7.845913954897198,4.1796809260489995,,,4.210274029229161,6.408828581373245,2.291321900715335,,2.951675887357071,1.6524974018945473
198,6.833333333333333,0.375,0.9166666666666666,0.11128398547102462,8.448256104097416,16.0,2.0,5.865918330790743,6.635410979220305,4.727847889854531,4.592601530312236,5.093645900889188,,3.0030057575204894,5.80527652516199,,,,
199,6.833333333333333,0.4166666666666667,0.75,0.08854035163662705,7.293036727938319,11.0,8.0,6.680602451249521,6.413711384321336,,4.628984364087346,,,3.446202614228616,5.256755515067773,,,,
200,6.954545454545454,0.9545454545454546,0.9090909090909091,0.030162081729353297,8.236753627965312,2.0,7.0,6.655423619210952,7.495393043910316,7.233524008326873,,,,2.645678220209374,5.77299443325293,,,,
201,6.739130434782608,0.2608695652173913,0.7391304347826086,0.10679353549707685,8.054002461323314,16.0,17.0,6.479529091671373,7.199185319020395,5.843712518843487,4.941142297567622,,,2.6448263709351747,3.7006844995636987,,,,1.3887912413184778
202,7.125,0.125,1.0,0.07387394758796531,8.097634737569237,27.0,7.0,6.669025897174185,7.374582619158338,6.329241289634116,4.887842229175986,,,2.488649636066835,5.917484259109983,4.824586800894667,,,
203,7.2,0.8,1.0,0.04361905420475401,8.331363969814875,1.0,0.0,7.106002676992969,6.78558086532393,7.586477417083138,3.3716655790561174,,,2.712905063828392,6.561190483393817,,2.4082055748577296,2.5686348653187125,
204,,,,,,3.0,3.0,,,,,,,,,,,,
205,,,,,,6.0,4.0,,,,,,,,,,,,
206,,,,,,1.0,5.0,,,,,,,,,,,,
207,7.5,0.5555555555555556,1.0555555555555556,,,7.0,1.0,,,,,,,,,,,,
208,6.818181818181818,0.45454545454545453,0.5909090909090909,,,5.0,2.0,,,,,,,,,,,,
209,8.0,1.0,1.0,,,11.0,2.0,,,,,,,,,,,,
210,7.4,0.6666666666666666,0.8666666666666667,0.13703370972343606,9.815305745367313,2.0,1.0,10.078131251536341,9.914100337185646,8.604820295473711,,,3.896015567282329,5.815675606239325,8.608055859321826,5.298147352096398,,2.8405977766040005,
211,7.2272727272727275,0.45454545454545453,0.8181818181818182,0.12798248156233977,10.53973170731962,7.0,0.0,7.887614061239417,9.564751314997842,9.037304331035463,,,5.7019240822475625,6.053467042749549,8.821749489932625,7.1571402915815625,,4.923303865895701,
212,7.333333333333333,0.5714285714285714,0.8571428571428571,0.11781061712929289,10.135075311104615,13.0,3.0,8.137708062008935,8.994042336561662,8.77053844506355,3.0483247236731614,,6.863305880044874,7.043745770542915,8.985740385575104,9.075454233526369,,5.2236315351581295,
213,7.090909090909091,0.13636363636363635,1.0,0.11397935867232842,10.265007739430933,5.0,6.0,7.7171630034625505,8.781660473759887,8.983068561112422,,,4.6376567370223905,6.085291809752135,8.470362975293195,4.971485511760658,,2.9994254453916085,
214,7.043478260869565,0.4782608695652174,1.0,0.12187951252863875,10.427890081545154,3.0,1.0,8.664895525276986,9.185426789973869,9.383426328269701,,,7.196290986983397,6.003867313825024,8.80621601465985,6.759930216850183,5.332414399116083,4.350548867396109,
215,7.08,0.44,1.0,0.09810793909539314,10.25087941675059,3.0,4.0,8.067692179710454,9.512138566509584,8.848507003355286,,,5.380970510220682,6.9540537700822815,8.841519102036676,6.628471177981399,,3.968497852356125,
216,7.043478260869565,0.6521739130434783,1.0,0.12090025981836214,10.150420088864545,2.0,2.0,7.026820159391051,9.58018887233352,8.810117996695581,,,5.546336928268357,5.429428958815745,8.442915451006547,6.773837526015783,,2.083059987202547,
217,7.3478260869565215,0.8695652173913043,0.9130434782608695,0.1356264659161557,10.279142280380086,6.0,4.0,10.341278311239892,9.680875922226853,8.68793512912083,,7.848897440102924,5.949196194616139,5.6937220377415825,8.66588988239138,7.549570743363793,,2.083806999189476,
218,7.0,0.8571428571428571,0.7142857142857143,0.13465253111316924,10.058976436497005,1.0,1.0,9.822952594560622,9.189691340581094,8.031475703654904,4.103502500006866,8.587527509428014,5.557414762144041,5.0461504321298705,8.126974464307354,8.254249258973724,,3.9706503398757698,
219,7.25,-0.2,1.0,0.14941273963644078,9.340081139272097,7.0,3.0,6.942455211866708,8.286177989794709,5.202516566409236,,,,4.530748318420512,7.791145888617211,5.780928683832855,,4.042788075307699,
220,,,,,,27.0,2.0,,,,,,,,,,,,
221,,,,,,5.0,2.0,,,,,,,,,,,,
222,,,,,,5.0,3.0,,,,,,,,,,,,
223,,,,,,37.0,1.0,,,,,,,,,,,,
224,,,,,,45.0,7.0,,,,,,,,,,,,
225,,,,,,19.0,3.0,,,,,,,,,,,,
226,6.3076923076923075,-0.6923076923076923,0.6153846153846154,0.06834688650902225,9.44820921204424,33.0,0.0,8.6671372070541,8.853831985594542,,,,,6.552709008035224,4.971679612485679,,,,
227,6.166666666666667,-0.5416666666666666,0.5833333333333334,0.1234265504826782,9.779755814464995,38.0,2.0,8.313741722072612,9.551116974366318,6.723221677420132,,,,5.592903054116599,5.876123839040025,,4.289225803818339,,
228,7.12,-0.16,0.84,0.1090166375448168,9.574634952635696,25.0,3.0,8.616195275021834,9.456655692179158,4.445893055002296,,,,5.638849208950577,3.865287728530972,5.4731820229723995,2.1772486016827477,,
229,7.083333333333333,-0.5833333333333334,0.75,0.1287426206123355,9.655139328145097,43.0,1.0,8.524872827380081,9.238941336997307,,,5.888828095593911,,6.031442185259706,6.188994862187889,,,,
230,6.958333333333333,-0.3333333333333333,0.875,0.09131560212561322,9.360588360813004,32.0,3.0,8.77247876868157,8.918214975899941,,,,,5.39457709538795,6.2501702039481986,,,3.9767240133640223,
231,6.84,-0.52,0.96,0.1138100734410247,9.765884969410898,30.0,1.0,8.396744305536636,9.932702217899466,,,,,5.853408648612014,6.810450010310894,,4.006478274445815,,
232,6.88,-0.16,1.04,0.1095371206791028,9.455193280574527,26.0,1.0,7.800690993286706,9.238536790283362,,,5.434298256702471,,5.480280525791928,6.210804875329157,,2.1609063146621077,,
233,6.7727272727272725,-0.6363636363636364,0.9545454545454546,0.1173987362791791,9.483622206843997,25.0,2.0,8.515375540489213,9.355331228416897,6.303516009187513,,,,6.177215633005069,6.743015060718732,5.558594839795883,,1.2955487478131456,
234,7.04,0.2,0.8,0.09851585807727066,9.468109788314644,33.0,0.0,8.28384600967123,9.295706270909038,1.634130525024472,,,,5.624638252112875,7.298898314082745,4.128874805118923,1.8026994092663893,,
235,7.0,0.07142857142857142,0.9285714285714286,0.11980096502908139,8.679953841916005,13.0,2.0,8.426453053046599,8.673619166509203,,,,,4.9197911267955305,6.18942771689189,,,,
236,,,,,,4.0,6.0,,,,,,,,,,,,
237,,,,,,0.0,2.0,,,,,,,,,,,,
238,,,,,,9.0,1.0,,,,,,,,,,,,
239,,,,,,8.0,8.0,,,,,,,,,,,,
240,,,,,,2.0,1.0,,,,,,,,,,,,
241,,,,,,0.0,2.0,,,,,,,,,,,,
242,7.357142857142857,0.5714285714285714,0.5714285714285714,0.02546296296296295,7.88464465586259,0.0,1.0,5.761504063216826,6.972261299591572,4.516972651245966,,4.147790537927727,,4.820523471827238,3.9233585150918917,,7.401900149328722,,
243,6.590909090909091,0.045454545454545456,0.22727272727272727,0.04512773998488285,8.925783942921447,0.0,1.0,7.540494595481988,7.19904184742603,6.73339712992126,,7.25693994066532,,5.418484225305727,7.207422738866918,,7.0704428442601,4.484459117825321,
244,6.9523809523809526,0.6,0.65,0.12075852445945312,8.27450819386096,5.0,9.0,6.5418348699996685,7.091440905010492,5.002482147339869,,7.278040777667333,,4.9459189793765646,7.01818601929982,4.53725530468945,6.710646122592458,,
245,6.909090909090909,0.5454545454545454,0.7272727272727273,0.05675829784663406,8.873824854231703,6.0,2.0,6.596864625553475,7.86019663147926,4.778476224855091,4.322794012326492,7.559180059778663,,5.331689277989088,7.227069003836393,,,,
246,7.238095238095238,0.3333333333333333,0.7142857142857143,0.04191992188837088,8.918564330599908,8.0,8.0,6.655345107736974,8.133173184534567,5.921146691073707,3.9058439543514307,6.8417148305161755,,5.177053279054998,7.277497868114745,,,,
247,6.8,0.0,0.48,0.04044236936427089,7.791747587239879,0.0,4.0,6.048213432658222,6.799681084626627,4.496370429582752,,6.972203171013015,,3.2355362657613083,6.121083922762538,,3.6681664125163946,,
248,7.130434782608695,-0.043478260869565216,0.5652173913043478,0.07591026944922662,8.394068037419988,1.0,7.0,6.444927442045491,7.995761521863022,2.6934778719189527,,5.280407946004469,,5.295693928341323,7.036698913921416,,1.1019400787607843,,
249,6.9523809523809526,0.09523809523809523,0.3333333333333333,0.03831404125295324,8.574605695431107,3.0,2.0,6.896890470121385,7.653235388322469,5.150507375333444,,,,6.163049505688252,7.389644864548796,,4.088242650030632,,
250,7.041666666666667,0.16666666666666666,0.4166666666666667,0.04729588894381282,8.129222165354816,0.0,0.0,6.024742154170701,7.119912298772646,5.386630396020389,,6.3297333831632105,,3.8290760846072196,6.274515286473969,,,,
251,7.0,0.0,0.4444444444444444,,,0.0,0.0,,,,,,,,,,,,
252,,,,,,7.0,5.0,,,,,,,,,,,,
253,,,,,,5.0,9.0,,,,,,,,,,,,
254,,,,,,4.0,2.0,,,,,,,,,,,,
255,,,,,,5.0,0.0,,,,,,,,,,,,
256,,,,,,9.0,2.0,,,,,,,,,,,,
257,,,,,,2.0,1.0,,,,,,,,,,,,
258,7.0,-0.2857142857142857,1.0,0.23890952654903438,10.667823289050071,3.0,2.0,7.295017719176221,9.229861489063847,7.543704397857344,,,,5.889719709224333,10.224549406815374,,8.037821983084534,3.054095516850906,
259,6.565217391304348,0.08695652173913043,0.782608695652174,0.35766774338727225,10.981451184051386,1.0,1.0,8.828411793818157,10.106857202541564,9.994133142765731,,7.614581473771656,,7.459220224584744,7.266640179167699,5.668997774498987,7.363391185047726,1.1039314501457096,
260,7.235294117647059,0.058823529411764705,1.411764705882353,0.4354103669712042,10.909376600666691,5.0,1.0,8.900968091868782,10.237018037875428,9.274835517173031,,8.55191862360914,4.954452874407264,6.319962214059538,7.033091936293421,7.411431808764875,6.745556298295282,4.659374240001603,
261,6.5625,0.25,0.6875,0.3905818007111531,10.945182074928596,10.0,2.0,8.731440649573385,10.417217654219474,9.558326214777072,,7.085837027143135,,5.9200866909476195,6.285327478634844,6.854535920396912,5.7784724202876445,1.3890405867879159,
262,7.083333333333333,0.0,0.9166666666666666,0.309860934351879,11.064420404497367,4.0,1.0,8.307987554520121,10.317297082253145,8.340126364315976,,9.58319027312623,,6.577132302038434,7.4356963935128375,6.9866052756586114,6.079379265961464,3.43923149364675,
263,7.315789473684211,0.42105263157894735,1.105263157894737,0.36555556781862397,10.861746335421202,4.0,0.0,8.861831565618028,10.141638408807248,8.016762354173805,,8.738129348226833,8.915735727047931,7.1477032419423985,6.527529463275995,6.557070926991385,6.228183533805235,,
264,7.260869565217392,0.13043478260869565,0.8695652173913043,0.41930900749747285,10.685899837343696,6.0,0.0,8.670722878467387,10.067587856002726,7.950128378252851,,5.216917488335054,8.014494124226452,6.881225454751523,6.7348555966011565,4.885230788683342,5.793973513381553,5.289987771592602,
265,7.368421052631579,-0.15789473684210525,1.0526315789473684,0.36984332667614295,10.859818853708347,8.0,2.0,9.067468694382658,10.261784530266501,7.582644288958386,,5.674930222749172,8.625559405433656,7.475647579046983,7.798242341270624,5.5300281144081875,7.170395659172327,3.0507884793020694,
266,7.636363636363637,-0.2727272727272727,1.0909090909090908,0.3900043938183429,11.036725526221769,6.0,2.0,8.191506263689657,10.445182924703373,9.069581552884499,,7.273322271218263,9.024923630034925,7.7512077553480365,7.901162965763163,6.162438630833297,5.545290719313726,3.5333069306125333,
267,,,,0.5164246467817896,8.538252088335078,0.0,0.0,6.048208708490561,8.380936030114444,5.133890736192611,,,,,5.000126940910916,,,,
268,,,,,,18.0,7.0,,,,,,,,,,,,
269,7.333333333333333,-0.6666666666666666,0.5333333333333333,0.0705059662402896,9.51620920801215,24.0,8.0,9.040670642221249,8.846019702397616,2.3051817188413115,,,,5.9906066792445465,7.278087042586482,5.257453704493035,,2.6753203764792914,
270,7.3478260869565215,0.391304347826087,0.8695652173913043,0.07890187490665475,10.034932964734695,29.0,3.0,8.837697618419911,9.706145937309785,4.558434909090917,,,,5.513993103014726,8.179413740762936,,3.8247861484743653,4.035107518939816,
271,7.0,-0.043478260869565216,0.6956521739130435,0.1164397364574026,9.477004226199629,28.0,6.0,8.232936445828505,8.934014506357125,3.673613520443503,,,3.586763668620999,5.507783811198854,6.725674493200516,5.857578805995163,,4.976444045289998,
272,6.761904761904762,-0.047619047619047616,0.6666666666666666,0.09142968319716485,10.136488123487668,16.0,3.0,8.996537435973421,9.488123839486988,5.474365117447489,,,4.0180572940499815,5.441122499804037,7.361915943609968,,3.377519254307578,3.9767802526434246,
273,6.8125,-0.25,0.8125,0.08453592820651994,9.938761497119124,2.0,0.0,9.075164198870116,9.280653717919538,1.3917792913504603,,,6.052768937829174,5.353013863467065,6.401165670621076,,6.978971144452716,2.6464584450955693,
274,7.136363636363637,-0.6190476190476191,0.9047619047619048,0.08112528809992157,10.255620130507786,12.0,3.0,9.407177565313065,9.61124710646759,6.796357687911863,,,5.880926763608882,5.584908844517788,7.476795092393942,3.5306161624130525,5.866765463128619,3.2294596184078457,
275,6.708333333333333,-0.2916666666666667,0.5,0.04456202767187775,10.30591936495217,22.0,5.0,9.150089923898022,9.753376095719632,5.586776636903269,,,3.9767615065683835,5.600856031276493,7.409440455850396,3.1441522786722644,,4.367534631020447,
276,6.869565217391305,0.17391304347826086,0.6956521739130435,0.03448184094574469,9.747177075301163,11.0,8.0,8.463524446299349,9.285285215284107,3.47627393221139,,,,5.706442267602074,7.0005495693162905,,,1.38854183366037,
277,6.833333333333333,0.16666666666666666,0.8333333333333334,0.02715499200900424,9.819731525762503,8.0,2.0,8.330429543126334,8.698608671179683,4.562033013510397,,,,5.648322617451834,7.05590714470598,,3.5383181580677165,,
278,6.954545454545454,-0.2727272727272727,0.7727272727272727,0.0824723372574739,10.19226122896457,25.0,4.0,8.930853956523883,9.382236101553156,,,,,5.522636226915895,7.197510950041541,6.2998459035626695,,1.6172076496984609,
279,7.2272727272727275,0.36363636363636365,1.0,0.10374564661583484,9.967238951389369,30.0,10.0,8.687067434154265,9.513407386931565,5.3568220959206,,,,5.2110150381452405,7.0133181741598465,5.41937060481394,,3.8696581546503763,
280,7.0,-1.3333333333333333,1.0,0.08736132522666579,8.804111371994367,0.0,2.0,8.590236754430345,7.013447739540158,,,,,3.189776517042926,5.6957839045449346,,,,
281,,,,,,15.0,0.0,,,,,,,,,,,,
282,,,,,,24.0,0.0,,,,,,,,,,,,
283,,,,,,23.0,0.0,,,,,,,,,,,,
284,,,,,,29.0,0.0,,,,,,,,,,,,
285,,,,,,38.0,0.0,,,,,,,,,,,,
286,,,,,,22.0,0.0,,,,,,,,,,,,
287,,,,,,21.0,0.0,,,,,,,,,,,,
288,,,,,,32.0,0.0,,,,,,,,,,,,
289,,,,,,24.0,11.0,,,,,,,,,,,,
290,,,,,,29.0,9.0,,,,,,,,,,,,
291,7.25,0.0,0.5,0.11391865582102813,10.378995411949472,21.0,13.0,9.826236785433485,9.619732226979202,6.988983130249333,,6.643240102962005,6.342506907790973,6.966638149535998,9.225851450796089,5.68367500089906,,1.416581053724763,4.454405434098354
292,6.6521739130434785,0.043478260869565216,0.2608695652173913,0.09203315936724026,10.673125154298996,23.0,4.0,8.74547472068655,10.197865855112482,4.101634591933448,,5.619523669498816,6.435207616426124,6.73474622591049,8.979960073458171,5.683362056566581,,,4.594078904498217
293,7.2272727272727275,-0.22727272727272727,0.36363636363636365,0.0886499956947898,10.70933301888655,28.0,24.0,9.483117921807647,10.103493727253268,,,6.327567072537291,4.753167688071422,7.257821130907151,8.615595494766232,6.8564304051485925,,,4.645870573114467
294,6.55,-0.4,0.35,0.07780233454057811,10.518322102977194,20.0,4.0,8.964710768700119,10.01379341478495,7.0783727763729,5.2325407459482065,7.319105038515692,4.315753276242594,6.272016258850642,8.532294195146475,6.4443665231407685,3.920764685364901,,4.93903903673919
295,6.583333333333333,-0.4166666666666667,-0.041666666666666664,0.10749996431273308,10.929786014945982,58.0,18.0,9.761422076563473,10.48619079091372,7.159272464484186,,7.054792431849092,5.244346807272507,7.261618273093059,8.029531207078605,6.684656726655458,,,4.191501520529239
296,6.8125,-0.17647058823529413,0.17647058823529413,0.07721499468664321,10.83789066046727,15.0,2.0,9.134274438111984,10.121436836973082,8.620894250938047,4.271164903930666,8.295449659617194,5.954061181577679,7.060179326179687,8.118591178301394,7.284683042982724,7.784528997810533,,4.7503435471465405
297,7.0,0.0,0.5,0.05208333333333331,7.9809082109305995,0.0,0.0,6.71186325855438,6.998599135962815,5.162159671064462,,5.930795861820767,,4.8431550580374205,6.250818515947891,4.641627468998428,,,2.5734515725172646
298,,,,,,33.0,3.0,,,,,,,,,,,,
299,,,,,,9.0,20.0,,,,,,,,,,,,
300,,,,,,21.0,2.0,,,,,,,,,,,,
301,,,,,,22.0,3.0,,,,,,,,,,,,
302,,,,,,7.0,3.0,,,,,,,,,,,,
303,,,,,,6.0,4.0,,,,,,,,,,,,
304,7.5,0.5,1.0,,,6.0,5.0,,,,,,,,,,,,
305,6.833333333333333,0.041666666666666664,0.2916666666666667,,,8.0,2.0,,,,,,,,,,,,
306,7.08,0.16,0.32,,,5.0,4.0,,,,,,,,,,,,
307,7.045454545454546,0.36363636363636365,0.4090909090909091,,,5.0,5.0,,,,,,,,,,,,
308,6.708333333333333,0.2916666666666667,0.25,,,9.0,1.0,,,,,,,,,,,,
309,6.8,0.12,0.16,0.0816234094152675,10.326413921643798,3.0,5.0,10.205917291588662,8.551399623277899,5.896645496679879,,,4.890191221018226,5.715012514385372,9.844566609883834,4.680973149403592,5.009848317844996,,3.977979271090835
310,7.375,0.5,0.75,0.10534852485241546,10.493592389600169,0.0,7.0,10.080430084949624,9.196025704244622,5.540565262199932,,,,5.514702128617692,9.927277513957042,,0.6976370858327973,3.810964334664174,1.8276091221217523
311,6.88,0.44,0.4,0.13236092758800708,10.37742023426801,11.0,3.0,9.796235916503514,9.490063480736412,5.5424158222086355,,,,5.507374163794082,9.422853136179366,5.867603389536375,5.726049383376679,,5.184308449936169
312,6.96,0.32,0.56,0.12027091230842184,10.240745944355822,9.0,0.0,8.820200972939366,9.269502183230276,6.373476773841369,,,,5.45049324058643,9.268014103017412,4.282399650863816,6.050009360562807,3.273439764858568,4.268143795852177
313,7.157894736842105,0.0,0.47368421052631576,0.06094279046353717,9.988706348897676,6.0,4.0,8.313111306680092,7.990696075452803,5.752026457949978,,,,5.0982431598177715,9.689181956188628,,4.769624740953621,,
314,6.8,0.2,0.48,0.07569217941413854,10.519591472576368,12.0,2.0,10.576459346833902,9.488160045458674,7.572707696575832,,,,5.439539112456566,9.44997770985684,4.256279154361383,7.09939330241344,3.9948188428365485,5.30567026759322
315,6.84,0.32,0.4,0.12083835266985503,10.56606304510591,6.0,2.0,9.554599355894842,9.897146591065342,6.352207704632667,,,,5.165791182817441,9.298141978319002,4.827289212656112,0.6971392018294827,3.8768102496724017,
316,7.16,-0.08,0.76,0.11326678976675413,10.470619593934378,10.0,0.0,8.774270581884883,9.137565894937897,6.369289494537501,,,,5.313412854193372,9.796405945538815,4.668999080400165,6.890032148033918,3.919078059901823,2.7786329192240924
317,6.916666666666667,-0.041666666666666664,0.5416666666666666,0.09082660865139686,10.519668020928364,7.0,0.0,9.420978292838257,9.453274550514571,6.829457464762865,,,,6.669952301409005,9.533699434080477,5.667954931518081,3.938333820217943,3.9185814517253923,5.437957562381952
318,6.4,0.06666666666666667,0.13333333333333333,0.07055301098457006,9.313465841870862,1.0,0.0,9.02142987571767,8.143977340697054,6.227786875596067,,,,4.19488347260071,8.555399351623144,4.918834283283296,,,5.216678802840032
319,,,,,,24.0,13.0,,,,,,,,,,,,
320,,,,,,5.0,13.0,,,,,,,,,,,,
321,,,,,,8.0,0.0,,,,,,,,,,,,
322,,,,,,7.0,11.0,,,,,,,,,,,,
323,,,,,,14.0,5.0,,,,,,,,,,,,
324,,,,,,7.0,2.0,,,,,,,,,,,,
325,,,,,,5.0,5.0,,,,,,,,,,,,
326,,,,,,10.0,3.0,,,,,,,,,,,,
327,,,,0.153125,5.678939768889737,13.0,9.0,4.819281065271453,4.513416673736482,,,,,2.9049319092274946,4.856232360233401,,,,
328,7.28,0.08,0.48,0.08694579982530645,9.911222708714465,8.0,9.0,8.69656724191158,9.073802865515631,,,7.1087677342195805,3.888897664026409,6.197463974173147,8.682216153206724,5.637988054095887,,2.9509963797125995,3.2376583241675676
329,6.958333333333333,0.041666666666666664,0.375,0.09424568965517242,9.822457415943045,4.0,5.0,8.730139163713972,9.021320431014134,,,6.728500614462606,,6.361159116692825,8.495149198134934,6.191273962684163,,0.003992021269537457,
330,7.75,-0.4583333333333333,0.9166666666666666,0.10551660625777813,9.90645210385802,4.0,1.0,8.476381196845983,8.89897826077473,,,6.1463763657670025,,6.07452500448339,8.213072204039326,8.51554363164029,,,3.3791903263990655
331,7.583333333333333,-0.3333333333333333,0.7083333333333334,0.10539799253034549,9.901419766152388,16.0,6.0,10.486518510301542,9.17523471634787,,,6.957862670464724,,5.801272095933458,8.47664949150178,7.322966076543801,,,4.574432589241224
332,8.0,0.5652173913043478,0.8260869565217391,0.15711877657399045,10.038731958358893,34.0,0.0,8.687316821738621,9.195638223097012,,,6.391384308160517,,6.802334761524238,8.504161040630589,7.062969393162592,,0.002995508979798371,4.512309004936804
333,7.28,-0.08,0.6,0.10796934865900382,10.097192447587597,10.0,0.0,8.435785285616996,9.142986264125165,6.025923943159553,,6.997559419242183,,6.288685355818506,8.884458558335158,6.980407048530167,,,
334,7.277777777777778,0.4444444444444444,0.5,0.1083766295292054,10.12721425372596,6.0,4.0,8.791591068358725,9.5673536886604,,,5.5519978823238025,,5.336566453979734,8.383839154491834,5.365863859199912,,,
335,6.96,0.76,0.28,0.08953043072345684,10.201261765070367,14.0,4.0,8.584465597083604,9.499492538310236,,,5.999102801229904,,5.511450985232928,8.345721125466355,3.3665714297409255,,,6.076648630613298
336,7.090909090909091,1.0,0.5454545454545454,0.0775641025641026,8.728478227694135,3.0,3.0,7.2720059544651745,8.113910200757106,,,2.6446843254803905,,4.269459659192278,7.177318186319776,,,,
337,,,,,,2.0,2.0,,,,,,,,,,,,
338,,,,,,6.0,0.0,,,,,,,,,,,,
339,,,,,,2.0,0.0,,,,,,,,,,,,
340,,,,,,3.0,1.0,,,,,,,,,,,,
341,,,,,,5.0,1.0,,,,,,,,,,,,
342,,,,,,9.0,0.0,,,,,,,,,,,,
343,,,,,,8.0,1.0,,,,,,,,,,,,
344,7.0,0.0,0.18181818181818182,0.07816153276337406,10.014919395315417,4.0,0.0,8.837954657664513,8.673375406278085,6.981484250752858,6.227818456143242,6.254378660380909,,5.544661686499278,8.768404569943256,6.235114399650416,,6.374897043351572,3.8078839656870005
345,7.375,-0.3333333333333333,0.75,0.0855597607146149,10.784412564848692,3.0,0.0,10.097447371261376,9.531398200397307,8.11066631983668,4.5600054420337,6.506702920358049,,5.97692434891092,9.521927600714523,6.54375931594713,3.7009809349306084,6.563945790441293,5.523083600600209
346,7.476190476190476,-0.6666666666666666,0.7619047619047619,0.1822457772873065,11.075447649504252,10.0,9.0,9.84437619765351,9.707417070957595,7.461624874846802,5.732250066857837,7.06704018465771,,6.283704964501518,9.213639523785032,7.720709667401171,4.241182857326236,6.890073880288937,4.6674874920529525
347,7.130434782608695,-0.43478260869565216,0.6521739130434783,0.08192657880630193,10.822694926905232,4.0,1.0,9.711691736349003,9.758726716485494,7.80042850013674,5.725093767265914,7.364501414735949,,5.8023177512707615,9.57873186825842,1.9837562915454279,3.945186951806578,6.1810202906272,5.690957248582436
348,7.0476190476190474,-0.42857142857142855,0.5238095238095238,0.06311341939499997,10.664503289397226,1.0,0.0,9.502374858915394,8.899677178163675,7.79770203551669,5.433630296292489,7.1707785570217055,,5.479116932367776,9.13000206228334,6.555541796478612,4.25833241232755,8.167604792782459,5.17689521734286
349,7.380952380952381,-0.09523809523809523,0.9523809523809523,0.08397730903459218,10.67252290725058,0.0,1.0,9.434369051448863,9.173068630343447,7.115433455507196,4.800695850265629,5.781382200678597,3.146907101351109,5.6102187688778855,9.256347046783306,6.345631097656851,4.389014661441507,7.624144752634704,6.2569853628829115
350,6.681818181818182,-0.36363636363636365,0.6363636363636364,0.068773206240439,9.96219169607944,1.0,1.0,9.408271381560288,8.652601671209817,6.4600703248143265,4.545165372051062,6.715310656417198,,7.062947130887301,8.740281381198026,5.273225174136281,5.199430297295035,3.803680269591114,3.694911226345655
351,6.85,0.0,0.5,0.04948945397061346,10.498443980859177,4.0,0.0,9.656709839212544,9.0815970411243,7.048766006517824,4.109134647694736,7.362252426767399,,6.765446045012758,9.110927467494925,5.873111661618019,5.278318720041347,7.487825022669548,5.126229268839501
352,6.5,0.0,0.5,0.03576887078168944,7.8896775595795825,0.0,0.0,7.861764442303116,7.068991085629764,,,5.003053289875611,,3.2630075362281095,7.123339933683534,,,,
353,,,,,,4.0,13.0,,,,,,,,,,,,
354,,,,,,4.0,10.0,,,,,,,,,,,,
355,,,,,,0.0,5.0,,,,,,,,,,,,
356,,,,,,11.0,13.0,,,,,,,,,,,,
357,,,,,,5.0,5.0,,,,,,,,,,,,
358,,,,,,5.0,4.0,,,,,,,,,,,,
359,,,,,,8.0,7.0,,,,,,,,,,,,
360,,,,,,0.0,9.0,,,,,,,,,,,,
361,8.5,0.25,1.5,0.15358132140520145,7.9112657325744316,3.0,9.0,5.404589966130831,6.826919340117241,1.9491904771768833,,,5.9272006549230944,5.138436131743587,7.688395803700208,,,2.6480170709867306,
362,7.681818181818182,-0.3333333333333333,0.5714285714285714,0.12720751406259792,10.475492420745727,1.0,8.0,6.693339777186049,9.188697239989873,5.39002105075825,,,8.138685057125711,6.613745227033596,9.9374041757649,7.078013532501481,,2.7119094114279307,
363,7.875,0.20833333333333334,0.8333333333333334,0.09840035958674984,10.528195092414261,1.0,8.0,7.587128533054983,9.547779498151858,6.8490927934167205,3.302591777908033,,8.28990230177142,6.877462037105818,9.731975244748226,5.772238313077818,,1.8010495161351474,
364,7.958333333333333,-0.08333333333333333,0.875,0.10460514588797111,10.746367798086547,3.0,10.0,7.225876591219273,9.94149888083211,7.749280222388853,0.003992021269537457,,8.192391982617513,6.2378713973473525,9.946688411313808,6.489154778091981,,1.1045943603456572,
365,7.173913043478261,-0.30434782608695654,0.30434782608695654,0.10181078408836876,10.499319765035331,5.0,15.0,7.887328743821857,9.401291585937404,6.468912275170016,,,8.355039136520098,6.253759578409682,9.711775745014846,6.64804887926076,,2.4946919505227974,
366,7.136363636363637,0.045454545454545456,0.5,0.15135009320943826,10.671301895476864,6.0,9.0,8.074798814789098,9.52918748025723,7.498108092949979,,,8.491965840879011,5.83339160191152,9.772659645057335,7.124649745373936,,3.405255801789657,
367,7.5,-0.1,0.45,0.16627274382324678,10.545914090444167,1.0,10.0,8.632523265465153,9.484142816488056,8.250791085829496,4.2243781780848115,,8.676255162512804,5.2886558439857385,9.319524318995855,6.553706882645285,,0.8324742457810445,
368,7.7272727272727275,-0.2727272727272727,0.8181818181818182,0.19857574259304647,10.217007313474264,10.0,26.0,7.798543160111621,8.64926231544696,3.535640858211646,,,9.591238979541517,6.98503756480996,8.962406053254576,5.807172049285185,,,
369,7.36,-0.24,0.64,0.09212065475466062,11.00798933080808,3.0,9.0,7.543730869144735,10.157407727353252,7.687462651429687,4.179497268508576,,8.546321609793797,7.201969222242432,10.135352045651006,4.316554344376219,,1.1294647521508745,
370,7.583333333333333,0.25,0.5,0.1159977148754239,9.479707749621214,2.0,6.0,5.931467696951678,8.775984464962557,3.9749414649743193,,,6.746387451418132,6.2378713973473525,8.891163366858057,,,3.340030946424668,
371,,,,,,9.0,0.0,,,,,,,,,,,,
372,,,,,,17.0,7.0,,,,,,,,,,,,
373,,,,,,6.0,0.0,,,,,,,,,,,,
374,,,,,,4.0,0.0,,,,,,,,,,,,
375,,,,,,9.0,5.0,,,,,,,,,,,,
376,,,,,,7.0,0.0,,,,,,,,,,,,
377,7.611111111111111,-0.4444444444444444,1.0555555555555556,0.18082495092649759,10.758359287132697,8.0,2.0,8.252606098294605,9.833643837041194,9.542427508082334,3.651982040010118,,5.429950709014468,7.9056687619112775,8.928285901493004,,5.370219335837115,5.595528889215947,5.905190171193601
378,7.625,-0.16666666666666666,0.9166666666666666,0.17924832542974617,11.378464657743683,21.0,0.0,8.879498853068421,10.578654681399492,9.585166118915893,5.503891475152141,,6.217836880291455,8.222570287023137,9.601537305412572,3.280873621096019,6.4622631727603155,6.129625208116167,3.0519708200011806
379,7.8,-1.04,0.96,0.15974607825280263,11.068234166494705,14.0,2.0,8.986602769248366,10.374691554795822,9.777270657914128,4.252942481262344,,5.596171279971273,7.512569482350775,8.82469009697206,5.822211227718147,6.1409314178642616,5.268275597696893,0.006975613736425138
380,7.88,-0.6,1.0,0.11194172391509222,11.098794062807276,6.0,0.0,8.906720091731502,9.982358204389739,9.947218320470174,5.9738248789282915,8.069799539287677,4.745810003787402,7.5960562355452526,8.951714321671531,5.4790292952521495,6.386741262695215,5.652559353245066,5.1497651526905734
381,7.863636363636363,-0.7727272727272727,1.0,0.13849180449671017,11.250340762192229,7.0,7.0,9.204784064248301,10.305938021181507,9.749760041493662,4.444942746667203,9.246870352969722,1.3890405867879159,7.925892238631812,8.980284107822245,4.391506557873013,3.0102267197044434,5.919036317243095,2.083433562949373
382,7.708333333333333,-0.9166666666666666,1.0833333333333333,0.1421758944180787,11.166179748397232,7.0,0.0,8.866547242896706,10.194195766599222,9.939302327831738,5.347178956737999,8.650135410512117,5.0498752378338585,8.48104069446991,8.955552891052509,3.9379441313795454,6.339826533965182,5.446862363854461,
383,7.75,-1.2083333333333333,1.0416666666666667,0.10392991786589664,11.125443904167376,3.0,3.0,8.43617010332683,10.115432877098861,9.822520797228716,4.540994265769527,8.203167691194862,,7.77858745072575,9.23303362131759,,7.671727118947331,5.76927054482936,1.1012754060875933
384,7.791666666666667,-1.1666666666666667,1.0416666666666667,0.16989778775005573,11.009528629382498,3.0,0.0,10.039241779083808,9.922636044363717,9.906677758413698,5.1501595270613505,5.798613751926223,2.400890781778169,7.131736079705223,9.044100410370344,4.872629142750838,6.190854195106375,4.961571092381965,3.4031621169717425
385,8.0,-1.04,1.0,0.16507817460644256,11.221973037383599,13.0,3.0,9.585635715243157,10.222526530546105,9.889307742532532,5.943476311308026,7.819578446133888,2.322877796261808,7.6117578262712575,9.058724609861816,6.634973641614319,6.612706136184789,6.011227957948932,
386,7.846153846153846,-1.2307692307692308,1.0,0.19122296107652642,9.228862375735496,3.0,0.0,6.986572928886424,7.424518440630879,8.481517307923763,,3.2653394752782403,,6.033417102303607,7.673755537502485,,,2.2008845381677062,
387,,,,,,2.0,1.0,,,,,,,,,,,,
388,,,,,,8.0,11.0,,,,,,,,,,,,
389,,,,,,11.0,5.0,,,,,,,,,,,,
390,,,,,,19.0,10.0,,,,,,,,,,,,
391,,,,,,13.0,4.0,,,,,,,,,,,,
392,,,,,,10.0,6.0,,,,,,,,,,,,
393,,,,,,3.0,4.0,,,,,,,,,,,,
394,,,,,,15.0,4.0,,,,,,,,,,,,
395,6.666666666666667,0.0,0.6666666666666666,0.22931345900612532,9.668871884847883,6.0,5.0,7.648717386417414,7.877217799767698,5.11331221212488,4.063352566782983,,,5.305903518793412,5.822835814245903,,,5.1127706143983875,
396,6.8,0.4,0.48,0.17828209093093825,10.460098401600806,12.0,3.0,8.590342346909283,8.134190699107702,6.558173689046357,4.712319101505135,,5.8021727545631405,5.897296714576488,5.906361348387654,3.936793663753358,,6.071781063446351,
397,7.2,0.48,0.76,0.2124882764280137,10.658789407211415,19.0,5.0,9.395601188245065,9.604081016387788,6.739853653439464,5.642750686625519,,5.7738370046065395,6.181491755630691,7.078200760199583,,,7.330344266343751,
398,6.739130434782608,-0.17391304347826086,0.6521739130434783,0.1954561815185417,10.165456777362689,10.0,3.0,8.779402059194904,8.914908077322954,6.9736385205777465,5.6397700373344914,,4.837844178033751,6.333856726240185,6.480303730793488,,,6.485276251514713,
399,7.208333333333333,0.5,1.0,0.24202952890022944,10.525163811648245,9.0,6.0,10.254415232547816,9.449241123969426,8.07163176292264,4.308339727705925,,5.898101220953651,6.8149292112150865,6.804565738385012,4.962564870851173,,7.411088504701691,
400,7.0,0.7272727272727273,1.0,0.21596807234202542,10.427863090249375,31.0,2.0,9.541214324549667,9.597867960393138,7.234944562004433,5.89667298279939,,6.20244239544332,6.539921159546162,6.183292854539761,6.356846970672243,1.6221566848418751,7.80064185784526,
401,6.954545454545454,0.6818181818181818,0.9090909090909091,0.12764658449817506,10.445313696024055,5.0,9.0,8.978291662175828,9.150691530181536,7.198566450692531,5.685716937744533,,5.809849740507262,7.731043925351817,7.026030637871991,4.925491263438814,,8.114639142062032,
402,7.111111111111111,0.7777777777777778,1.0555555555555556,0.035634548408723495,7.89172708905284,0.0,0.0,6.815902017145748,6.073892101081293,,,,0.7476353658440151,5.639524802965621,3.9737387964087985,,,7.2367107640496915,
403,7.083333333333333,0.8333333333333334,1.0,,,0.0,0.0,,,,,,,,,,,,
404,7.0,0.9166666666666666,1.0,0.026726726726726716,5.110082361253109,0.0,0.0,1.8296973085684471,4.595210755093518,,,,,,,,,4.785264263791694,
405,,,,,,40.0,5.0,,,,,,,,,,,,
406,,,,,,23.0,1.0,,,,,,,,,,,,
407,,,,,,27.0,1.0,,,,,,,,,,,,
408,,,,,,49.0,3.0,,,,,,,,,,,,
409,,,,,,21.0,2.0,,,,,,,,,,,,
410,,,,,,21.0,0.0,,,,,,,,,,,,
411,,,,,,27.0,2.0,,,,,,,,,,,,
412,,,,,,24.0,1.0,,,,,,,,,,,,
413,7.333333333333333,-0.3333333333333333,0.5,0.16493096458489534,9.104522306937804,18.0,4.0,6.7050673280053115,8.217277391143535,8.088904700119395,,,4.447182152929578,5.852702354816126,2.5801410691468174,,,,
414,7.8,-0.2,0.4,0.07939271091339213,10.095086771681407,20.0,17.0,8.307103318902648,9.467532360177913,9.072089287679935,,,4.06336975792267,6.050568012552478,6.107060748940878,6.482013481227991,,2.711577306878367,3.1104439306858884
415,8.0,0.3,0.45,0.09294852612712508,9.877662025977566,29.0,5.0,8.278559281595454,9.34253654859642,8.653094822804201,,,,5.779789357023894,6.171675544905037,5.298562336540438,,2.5739853328715436,
416,8.133333333333333,-0.26666666666666666,0.6,0.1057447663760981,10.051079585588623,28.0,2.0,8.524835911286983,9.238318313665399,8.621714995453782,,,,5.796376848784353,6.732833873402571,6.12706567135952,,,
417,7.0,-1.6,0.0,0.07822406655368486,10.051850228428194,8.0,1.0,7.85228938519499,9.255854604708256,8.496125824674191,,,,5.200577738021572,6.847750465045108,5.596687121704658,,,
418,7.3,-0.2,0.2,0.10775520993372457,10.513126458480855,22.0,2.0,8.44905481188988,9.310890978545396,8.109360582989549,,,,6.34162305512202,6.878870089812357,5.818461438403007,,6.1034932807009055,
419,7.352941176470588,0.0,0.29411764705882354,0.09683200291060455,10.119683464783948,37.0,3.0,8.297600328938971,9.34738427600344,8.954874796737347,,,,5.551633124166056,,5.5754489781046335,,,
420,7.153846153846154,-0.5384615384615384,0.23076923076923078,0.08777668733980572,9.868444401113765,37.0,1.0,8.175239358258898,9.503823610080975,8.347693008401428,,,,5.813034408913724,6.650323032096201,4.733501833337948,,,
421,7.090909090909091,-0.8181818181818182,0.2727272727272727,0.10599762612742783,9.798822073002105,34.0,2.0,8.484591690859496,9.284255111175906,8.618692000273228,,,1.7977415409056023,5.972867692575559,7.539641228883231,7.124676310513471,,,
422,,,,0.14155388974045036,7.070741948791879,0.0,0.0,6.112940754601983,6.630784963596613,5.099890817770664,,,,,,,,,
423,,,,,,33.0,3.0,,,,,,,,,,,,
424,,,,,,10.0,1.0,,,,,,,,,,,,
425,,,,,,26.0,2.0,,,,,,,,,,,,
426,,,,,,21.0,3.0,,,,,,,,,,,,
427,,,,,,25.0,2.0,,,,,,,,,,,,
428,,,,,,8.0,2.0,,,,,,,,,,,,
429,,,,,,20.0,1.0,,,,,,,,,,,,
430,,,,,,48.0,3.0,,,,,,,,,,,,
431,,,,,,32.0,6.0,,,,,,,,,,,,
432,,,,,,18.0,0.0,,,,,,,,,,,,
433,,,,,,24.0,2.0,,,,,,,,,,,,
434,7.125,-0.25,1.0,0.07956655925619571,10.077458800777194,14.0,2.0,8.073476220667525,7.5820615796186,7.104121085327619,,,,5.562410904191201,9.270684766297267,,3.300824407515368,6.105634396394492,
435,7.130434782608695,-0.30434782608695654,0.6521739130434783,0.09466374845812522,11.043696639459931,12.0,1.0,9.159963604817627,9.224024219623255,8.473177560998675,,,,5.795324959543103,10.45123279203723,4.0155718810567045,,5.647769287147112,
436,6.875,-0.08333333333333333,0.5,0.13731689899960017,10.86204610042187,59.0,9.0,9.537715209608692,8.704425835720755,8.39119313835064,,,,5.72128507329229,10.026284442237417,4.464539366248298,1.3890405867879159,4.776279115567943,
437,6.578947368421052,-0.7894736842105263,0.5789473684210527,0.13230013158082773,11.018724581208847,16.0,6.0,9.56730400424043,8.63551012896608,8.134187472402788,1.1333357247264952,,,5.89931636292229,10.016337507198472,6.343382946603798,,6.470635403631602,
438,6.666666666666667,-0.5555555555555556,0.3333333333333333,0.15296029204948486,10.66269109385804,29.0,4.0,9.997556826371373,9.049012615103463,7.87491173384822,,,,4.917239946496703,9.72019804743132,5.971052634235037,,4.757161392974212,
439,6.208333333333333,-0.3333333333333333,0.4166666666666667,0.04368682122141842,11.046299198035587,13.0,2.0,8.874953506126955,8.519796400126337,8.19619670523438,,,,6.375898373433076,10.100918305046932,5.998735549189141,,5.693917306843225,
440,6.4,0.1,0.5,0.061669670326739985,10.896256653468821,21.0,3.0,9.136227522887491,9.098818022262298,8.335581382691522,,,,5.816128534487739,9.940283356819092,5.4546499500056775,0.6966410698142012,4.540034153042555,
441,6.041666666666667,-0.3333333333333333,0.125,0.01478740859182342,10.723909930903078,6.0,0.0,8.495375507255963,8.761143571529832,8.0305862468137,,,,5.76030772512756,10.15326703672619,,0.6981347220709843,2.99368016942786,
442,6.0,-0.68,0.24,0.05954818265080787,10.780465150961978,14.0,7.0,8.762702670199204,8.98278121119162,8.060819767438362,,,4.871603085400698,6.40560689880979,10.019665344923103,,,5.031450480476841,
443,7.357142857142857,-0.7142857142857143,0.5714285714285714,0.15354579635628887,10.217854982352295,19.0,2.0,8.698699415917133,8.304584453577291,6.919351778907682,,,5.880278764144827,6.416336779474708,9.241600832372026,6.959955811704506,2.088401283051308,5.586086935171916,
