id,time,mood,circumplex.arousal,circumplex.valence,activity,screen,call,sms,appCat.builtin,appCat.communication,appCat.entertainment,appCat.finance,appCat.game,appCat.office,appCat.other,appCat.social,appCat.travel,appCat.unknown,appCat.utilities,appCat.weather
AS14.01,2014-02-17,,,,,0.0,12.0,6.0,0.0,0.0,0.0,0.0,0.0,0.0,0.0,0.0,0.0,0.0,0.0,0.0
AS14.01,2014-02-22,6.25,-0.25,0.75,,0.0,6.0,3.0,0.0,0.0,0.0,0.0,0.0,0.0,0.0,0.0,0.0,0.0,0.0,0.0
AS14.01,2014-02-27,6.333333333333333,0.0,0.3333333333333333,,0.0,5.0,1.0,0.0,0.0,0.0,0.0,0.0,0.0,0.0,0.0,0.0,0.0,0.0,0.0
AS14.01,2014-03-04,,,,,0.0,7.0,0.0,0.0,0.0,0.0,0.0,0.0,0.0,0.0,0.0,0.0,0.0,0.0,0.0
AS14.01,2014-03-09,,,,,0.0,15.0,1.0,0.0,0.0,0.0,0.0,0.0,0.0,0.0,0.0,0.0,0.0,0.0,0.0
AS14.01,2014-03-14,,,,,0.0,4.0,8.0,0.0,0.0,0.0,0.0,0.0,0.0,0.0,0.0,0.0,0.0,0.0,0.0
AS14.01,2014-03-19,6.466666666666667,0.3333333333333333,0.4,0.1638829977636868,33170.84400129317,11.0,1.0,5405.872,18649.356,1545.982,114.023,0.0,172.20600000000002,422.062,6656.702,952.75,45.173,767.535,30.386
AS14.01,2014-03-24,6.541666666666667,0.125,0.5,0.10587652868507935,75312.14599895476,17.0,2.0,14359.143,36339.478,3600.3979999999997,260.876,233.036,185.461,627.358,11183.278,1600.1280000000002,235.223,915.736,0.0
AS14.01,2014-03-29,7.086956521739131,0.0,0.6086956521739131,0.08459033683064397,63215.08700299263,15.0,1.0,10328.266,22367.516,7296.039,836.858,285.91700000000003,182.869,1174.882,10460.087,1850.437,95.767,1708.245,0.0
AS14.01,2014-04-03,6.478260869565218,-0.5217391304347826,0.34782608695652173,0.08200170134719968,54435.38000035286,11.0,1.0,24914.522,32515.877,3549.562,122.362,114.406,17.107,761.304,7400.524,425.515,0.0,682.48,0.0
AS14.01,2014-04-08,7.125,-0.7083333333333334,0.625,0.08538190830638939,60233.175003290184,12.0,0.0,6918.138,30467.715,10428.762,113.224,1.059,23.195,794.572,7517.427,39.265,0.0,1558.229,0.0
AS14.01,2014-04-13,7.090909090909091,-0.2727272727272727,0.6818181818181818,0.07220979780083985,61117.3769965172,11.0,3.0,4481.166,30835.665,8028.445,184.779,0.0,0.0,444.267,11404.695,37.467,0.0,1539.112,0.0
AS14.01,2014-04-18,7.375,-0.25,0.9166666666666666,0.09259854026064035,54450.75599908828,8.0,2.0,9359.36,26419.901,3147.017,297.117,29.084,0.0,234.682,6479.856,261.042,0.0,1149.608,0.0
AS14.01,2014-04-23,7.5,-0.17391304347826086,0.9565217391304348,0.09009446029133043,71778.34099864961,7.0,5.0,5570.559,30899.104,7099.011,276.326,0.0,0.0,1246.067,7838.675,585.273,3.148,1687.216,0.0
AS14.01,2014-04-28,7.6,-0.36,0.92,0.07757826351061665,58462.1979970932,10.0,4.0,10118.426,28199.963,4439.5869999999995,3231.127,333.305,28.098,375.712,8614.792,314.78000000000003,0.0,1183.576,0.0
AS14.01,2014-05-03,8.0,-0.3333333333333333,1.0,0.08335853148884136,15863.965000152588,0.0,1.0,2950.042,8748.252,4008.87,296.313,0.0,0.0,76.094,725.3829999999999,143.631,30.102,389.93600000000004,0.0
AS14.02,2014-02-17,,,,,0.0,21.0,9.0,0.0,0.0,0.0,0.0,0.0,0.0,0.0,0.0,0.0,0.0,0.0,0.0
AS14.02,2014-02-22,,,,,0.0,27.0,10.0,0.0,0.0,0.0,0.0,0.0,0.0,0.0,0.0,0.0,0.0,0.0,0.0
AS14.02,2014-02-27,,,,,0.0,26.0,5.0,0.0,0.0,0.0,0.0,0.0,0.0,0.0,0.0,0.0,0.0,0.0,0.0
AS14.02,2014-03-04,,,,,0.0,40.0,6.0,0.0,0.0,0.0,0.0,0.0,0.0,0.0,0.0,0.0,0.0,0.0,0.0
AS14.02,2014-03-09,,,,,0.0,31.0,10.0,0.0,0.0,0.0,0.0,0.0,0.0,0.0,0.0,0.0,0.0,0.0,0.0
AS14.02,2014-03-14,7.25,0.4166666666666667,0.5,0.20787432667041228,26489.287003755566,36.0,2.0,8894.664999999999,14826.76,3200.6650000000004,0.0,0.0,0.0,823.614,525.614,125.7,0.0,0.0,0.0
AS14.02,2014-03-19,6.857142857142857,-0.5238095238095238,0.2857142857142857,0.3134639916528158,35817.03100419045,58.0,5.0,8387.61,11301.961,1854.932,0.0,0.0,0.0,335.406,1148.095,3053.267,0.0,0.0,0.0
AS14.02,2014-03-24,7.043478260869565,-0.5652173913043478,0.391304347826087,0.23420782335281726,23190.228998184204,28.0,2.0,8937.41,12576.951,2957.179,0.0,0.0,0.0,1031.655,4741.852,0.0,0.0,67.163,0.0
AS14.02,2014-03-29,7.043478260869565,-0.6521739130434783,0.391304347826087,0.28270226090236883,23295.996994495392,32.0,4.0,24129.59,9998.7,3795.257,0.0,0.0,0.0,562.967,3394.408,846.844,0.0,0.0,0.0
AS14.02,2014-04-03,6.260869565217392,-0.4782608695652174,0.08695652173913043,0.24679128575060189,33552.09100008011,24.0,1.0,6407.408,13700.027,3509.895,0.0,0.0,0.0,442.04,2922.078,706.365,0.0,0.0,0.0
AS14.02,2014-04-08,6.764705882352941,-0.35294117647058826,0.4117647058823529,0.3145389300260454,27149.666001081467,36.0,5.0,7290.112,11108.197,2216.764,0.0,0.0,0.0,484.189,1974.218,1518.227,0.0,9.030999999999999,0.0
AS14.02,2014-04-13,7.222222222222222,-0.16666666666666666,0.4444444444444444,0.23712078574665885,5799.719998359682,49.0,16.0,1546.291,3161.214,486.95000000000005,0.0,0.0,0.0,100.294,205.274,159.646,0.0,84.488,0.0
AS14.02,2014-04-18,5.769230769230769,-0.6153846153846154,-0.15384615384615385,0.21666666666666667,200.40200018882777,36.0,5.0,10.09,72.34100000000001,0.0,0.0,0.0,0.0,0.0,106.887,0.0,0.0,0.0,0.0
AS14.02,2014-04-23,6.8,-0.4,0.2,0.08866995073891634,0.0,7.0,1.0,0.0,0.0,0.0,0.0,0.0,0.0,0.0,0.0,0.0,0.0,0.0,0.0
AS14.03,2014-02-17,,,,,0.0,21.0,4.0,0.0,0.0,0.0,0.0,0.0,0.0,0.0,0.0,0.0,0.0,0.0,0.0
AS14.03,2014-02-22,,,,,0.0,13.0,6.0,0.0,0.0,0.0,0.0,0.0,0.0,0.0,0.0,0.0,0.0,0.0,0.0
AS14.03,2014-02-27,,,,,0.0,13.0,5.0,0.0,0.0,0.0,0.0,0.0,0.0,0.0,0.0,0.0,0.0,0.0,0.0
AS14.03,2014-03-04,,,,,0.0,5.0,4.0,0.0,0.0,0.0,0.0,0.0,0.0,0.0,0.0,0.0,0.0,0.0,0.0
AS14.03,2014-03-09,,,,,0.0,10.0,3.0,0.0,0.0,0.0,0.0,0.0,0.0,0.0,0.0,0.0,0.0,0.0,0.0
AS14.03,2014-03-14,,,,,0.0,35.0,5.0,0.0,0.0,0.0,0.0,0.0,0.0,0.0,0.0,0.0,0.0,0.0,0.0
AS14.03,2014-03-19,8.166666666666666,0.4166666666666667,1.25,0.1322694263201946,9356.828001976015,27.0,7.0,1142.719,3686.356,6602.932,36.364,0.0,172.04399999999998,884.333,0.0,443.95,0.0,4.35,44.854
AS14.03,2014-03-24,7.909090909090909,-0.18181818181818182,1.1363636363636365,0.10450735015263209,20551.208998441696,16.0,2.0,2121.242,6754.764,12620.88,639.901,0.0,346.728,1363.735,0.0,12.84,129.824,58.514,0.0
AS14.03,2014-03-29,7.88,0.12,0.84,0.11715704260530165,21798.388000011448,8.0,2.0,3475.036,7321.592,9876.568,250.942,0.0,107.473,691.341,0.0,54.144999999999996,35.267,5.16,31.955000000000002
AS14.03,2014-04-03,7.48,0.36,1.04,0.10120138094402926,20461.0459959507,9.0,3.0,21073.992,5117.467,12508.551,207.584,0.0,237.33,2151.444,0.0,19.695999999999998,441.559,29.197000000000003,0.0
AS14.03,2014-04-08,7.565217391304348,0.391304347826087,1.0434782608695652,0.11024898938576619,20744.613999605182,8.0,3.0,20580.28,5154.754,12170.928,75.973,0.0,1525.511,1666.994,13.22,0.0,2350.758,13.843,0.0
AS14.03,2014-04-13,7.458333333333333,0.2916666666666667,0.875,0.10924324439454274,26288.857997655865,13.0,4.0,5986.638,11710.158,10861.494,218.879,0.0,691.04,4836.026,41.364999999999995,0.0,162.823,56.296,0.0
AS14.03,2014-04-18,7.565217391304348,0.30434782608695654,0.9130434782608695,0.10853198334087051,20698.111000776295,16.0,3.0,3208.0280000000002,5403.926,12258.699,23.194,0.0,223.392,1904.6750000000002,0.0,262.87,266.535,13.415,0.0
AS14.03,2014-04-23,7.391304347826087,-0.43478260869565216,0.9565217391304348,0.1334505503773496,28809.742998361588,4.0,6.0,755.404,13689.344000000001,17593.853,254.78,0.0,178.498,2799.495,19.455,540.932,152.446,10.174,0.0
AS14.03,2014-04-28,7.2,-1.04,1.08,0.11235646733639912,21509.24199819565,12.0,1.0,2429.168,8693.95,13637.187,550.835,0.0,67.672,993.6809999999999,7.876,161.913,71.049,70.608,0.0
AS14.03,2014-05-03,7.526315789473684,-0.8333333333333334,0.9444444444444444,0.0974296282654727,19031.716999769218,13.0,1.0,2043.896,4370.373,9295.612,13.243,0.0,28.807,601.099,0.0,202.99099999999999,246.598,17.497,0.0
AS14.03,2014-05-08,,,,0.0,0.0,0.0,0.0,0.0,0.0,0.0,0.0,0.0,0.0,0.0,0.0,0.0,0.0,0.0,0.0
AS14.05,2014-02-17,,,,,0.0,3.0,0.0,0.0,0.0,0.0,0.0,0.0,0.0,0.0,0.0,0.0,0.0,0.0,0.0
AS14.05,2014-02-22,,,,,0.0,2.0,0.0,0.0,0.0,0.0,0.0,0.0,0.0,0.0,0.0,0.0,0.0,0.0,0.0
AS14.05,2014-02-27,,,,,0.0,15.0,0.0,0.0,0.0,0.0,0.0,0.0,0.0,0.0,0.0,0.0,0.0,0.0,0.0
AS14.05,2014-03-04,,,,,0.0,7.0,0.0,0.0,0.0,0.0,0.0,0.0,0.0,0.0,0.0,0.0,0.0,0.0,0.0
AS14.05,2014-03-09,,,,,0.0,8.0,1.0,0.0,0.0,0.0,0.0,0.0,0.0,0.0,0.0,0.0,0.0,0.0,0.0
AS14.05,2014-03-14,6.555555555555555,-0.2222222222222222,0.5555555555555556,0.10415791064401977,32865.19099998475,18.0,2.0,2707.024,21102.931,5026.757,0.0,0.0,0.0,837.637,1152.222,0.0,277.57800000000003,175.591,0.0
AS14.05,2014-03-19,5.863636363636363,-0.2727272727272727,0.09090909090909091,0.08122993535896159,19788.99099969864,3.0,13.0,1034.314,15054.0,3310.647,0.0,0.0,0.0,542.769,0.0,0.0,23.393,22.126,0.0
AS14.05,2014-03-24,5.380952380952381,-0.7619047619047619,0.09523809523809523,0.04244645220742427,38282.923003435135,2.0,4.0,2340.075,29645.908,9224.362,0.0,0.0,0.0,690.558,345.007,0.0,519.066,692.021,0.0
AS14.05,2014-03-29,6.68,-0.32,0.96,0.07720628448218492,15922.062997341158,9.0,1.0,1626.254,9948.84,3545.951,0.0,0.0,0.0,521.246,665.306,0.0,539.276,238.798,0.0
AS14.05,2014-04-03,7.043478260869565,-0.5217391304347826,0.9130434782608695,0.06154356112527374,25491.463000535972,7.0,0.0,3268.998,18501.565,1978.393,0.0,0.0,0.0,934.6289999999999,888.389,0.0,404.297,127.712,0.0
AS14.05,2014-04-08,7.0,0.0,0.6956521739130435,0.07920099214455759,28929.545999765407,3.0,3.0,2647.722,21645.716,4895.524,0.0,0.0,21.127,2896.79,1104.341,0.0,242.884,51.53,0.0
AS14.05,2014-04-13,6.916666666666667,-0.16666666666666666,0.7083333333333334,0.09876705283700578,21180.905000448227,13.0,0.0,2439.029,12610.758,1866.31,0.0,0.0,0.0,1098.722,4197.7660000000005,0.0,505.98199999999997,148.881,0.0
AS14.05,2014-04-18,7.25,-0.4166666666666667,0.9583333333333334,0.07521256552377519,28587.213004112247,4.0,2.0,2572.6639999999998,18463.941,2135.995,0.0,0.0,0.0,643.269,5356.86,5.029,631.575,354.442,0.0
AS14.05,2014-04-23,7.36,-0.88,1.0,0.07767190568642089,24079.97200298309,5.0,2.0,3095.156,17403.865999999998,3304.206,0.0,0.0,0.0,561.514,3926.342,0.0,399.848,196.519,0.0
AS14.05,2014-04-28,6.92,-0.24,0.96,0.029037551580003537,31284.969996929165,1.0,7.0,3963.773,22050.245,1839.634,0.0,0.0,0.0,850.088,4652.79,0.0,672.375,65.431,0.0
AS14.05,2014-05-03,6.7272727272727275,0.09090909090909091,1.0,0.05214619888710669,7896.760998487475,3.0,5.0,667.707,5781.07,439.573,0.0,0.0,0.0,173.37,789.697,0.0,324.587,35.233000000000004,0.0
AS14.06,2014-02-17,,,,,0.0,20.0,0.0,0.0,0.0,0.0,0.0,0.0,0.0,0.0,0.0,0.0,0.0,0.0,0.0
AS14.06,2014-02-22,,,,,0.0,1.0,37.0,0.0,0.0,0.0,0.0,0.0,0.0,0.0,0.0,0.0,0.0,0.0,0.0
AS14.06,2014-02-27,,,,,0.0,4.0,25.0,0.0,0.0,0.0,0.0,0.0,0.0,0.0,0.0,0.0,0.0,0.0,0.0
AS14.06,2014-03-04,,,,,0.0,8.0,1.0,0.0,0.0,0.0,0.0,0.0,0.0,0.0,0.0,0.0,0.0,0.0,0.0
AS14.06,2014-03-09,,,,,0.0,10.0,0.0,0.0,0.0,0.0,0.0,0.0,0.0,0.0,0.0,0.0,0.0,0.0,0.0
AS14.06,2014-03-14,,,,,0.0,1.0,11.0,0.0,0.0,0.0,0.0,0.0,0.0,0.0,0.0,0.0,0.0,0.0,0.0
AS14.06,2014-03-19,,,,,0.0,1.0,9.0,0.0,0.0,0.0,0.0,0.0,0.0,0.0,0.0,0.0,0.0,0.0,0.0
AS14.06,2014-03-24,7.368421052631579,0.0,0.7368421052631579,0.13605704058451204,33226.35100388527,6.0,1.0,938.901,15899.942000000001,10473.558,0.0,0.0,354.89300000000003,816.099,8809.323,644.191,0.0,0.0,0.0
AS14.06,2014-03-29,7.416666666666667,-0.16666666666666666,0.6666666666666666,0.1742196593022208,37899.547999858856,9.0,4.0,5873.409000000001,12962.847,7454.833,0.0,3253.2470000000003,194.522,310.619,11099.338,22.122,0.0,0.0,4.859
AS14.06,2014-04-03,6.88,-0.48,0.36,0.1609137520615459,32083.052999258052,8.0,0.0,3070.166,13195.421,4357.345,0.0,1645.76,0.0,298.265,12793.42,874.606,0.0,0.0,0.0
AS14.06,2014-04-08,7.52,0.04,0.72,0.18718815901000108,36344.29999899865,6.0,5.0,5178.74,15260.234,13097.066,0.0,1017.7529999999999,736.77,332.148,12659.152,1314.027,0.0,0.0,43.226
AS14.06,2014-04-13,7.142857142857143,-0.23809523809523808,0.5714285714285714,0.1999397640684851,47125.849998950966,11.0,1.0,6369.863,20978.383,8015.501,0.0,0.0,417.572,1663.084,12026.41,541.122,0.0,0.0,12.056000000000001
AS14.06,2014-04-18,7.0,-0.041666666666666664,0.625,0.09487074820218817,40009.20800089836,14.0,1.0,3092.64,18474.639,10923.69,0.0,76.947,54.038,305.763,7813.515,822.171,0.0,0.0,0.0
AS14.06,2014-04-23,7.130434782608695,-0.391304347826087,0.782608695652174,0.18227712259500276,33220.33000040055,22.0,4.0,2927.022,15896.48,6588.35,0.0,0.0,302.924,428.717,8131.4130000000005,1745.997,0.0,0.0,41.699
AS14.06,2014-04-28,7.217391304347826,-0.34782608695652173,0.8260869565217391,0.1874910057547955,33829.91299915313,9.0,0.0,3469.5510000000004,15850.5,7664.1089999999995,0.0,0.0,134.729,192.59,11520.592,603.811,0.0,0.0,7.101
AS14.06,2014-05-03,6.9375,-0.6875,0.375,0.14094292231381172,28065.064999103546,3.0,3.0,2021.5249999999999,14004.311,4517.613,0.0,0.0,419.788,866.989,9215.704,125.455,93.99700000000001,0.0,8.026
AS14.06,2014-05-08,7.0,-1.0,1.0,0.0,0.0,0.0,0.0,0.0,303.46299999999997,14.932,0.0,0.0,0.0,0.0,63.596,0.0,0.0,0.0,0.0
AS14.07,2014-03-14,,,,,1183.394000053406,3.0,1.0,443.70799999999997,1270.575,1492.717,0.0,0.0,0.0,172.099,220.986,0.0,59.391,0.0,0.0
AS14.07,2014-03-19,6.523809523809524,-0.42857142857142855,0.7142857142857143,,61438.316999197,0.0,3.0,5402.518,31429.714,6167.003000000001,0.0,0.0,0.0,739.636,5939.288,924.807,369.592,31.218,0.0
AS14.07,2014-03-24,7.363636363636363,0.045454545454545456,0.9545454545454546,0.1015817163241624,49915.97499728202,19.0,21.0,9561.664,24670.65,5704.674,0.0,0.0,0.0,1228.095,6870.059,1091.751,305.073,14.226,0.0
AS14.07,2014-03-29,6.090909090909091,-0.5,0.45454545454545453,0.07868730237430893,60531.62899780274,23.0,19.0,10331.931,22674.485,16241.602,0.0,0.0,0.0,658.126,7066.316,1493.123,0.0,0.0,0.0
AS14.07,2014-04-03,6.142857142857143,-0.5238095238095238,0.38095238095238093,0.10160807199432188,47986.53700184822,23.0,11.0,6726.114,18899.626,14012.651,0.0,0.0,0.0,739.78,8857.373,465.837,150.612,364.431,0.0
AS14.07,2014-04-08,6.181818181818182,-0.18181818181818182,0.36363636363636365,0.09386554372566573,46104.97000098229,11.0,17.0,4472.269,17540.48,9318.457,0.0,0.0,0.0,552.381,4527.609,755.996,487.24699999999996,6.038,0.0
AS14.07,2014-04-13,5.409090909090909,-0.7272727272727273,0.2727272727272727,0.05866868541396275,38494.41400194169,10.0,9.0,5244.487,20238.058,7385.601,0.0,0.0,0.0,686.261,5154.34,33.254,22.088,0.0,0.0
AS14.07,2014-04-18,6.0,-0.45,0.3,0.05799535828566711,30257.972000122078,1.0,4.0,3341.403,14966.355,5291.875,0.0,0.0,0.0,465.308,4629.311,734.992,161.82,0.0,0.0
AS14.07,2014-04-23,5.380952380952381,-0.42857142857142855,0.047619047619047616,0.06834496123830598,37361.058003664024,15.0,2.0,4203.925,23122.8,2646.166,0.0,0.0,0.0,744.509,5254.126,81.312,875.9119999999999,1.003,0.0
AS14.07,2014-04-28,5.866666666666666,-0.8666666666666667,0.4,0.0831930012789311,39606.15700459481,10.0,12.0,11079.384,34000.593,4162.508,0.0,14.065,0.0,1665.939,4576.405,1.004,889.36,7.21,0.0
AS14.07,2014-05-03,6.0,-1.0,0.3333333333333333,0.07734375000000002,3999.527000188827,1.0,0.0,819.489,2454.214,456.96599999999995,0.0,0.0,0.0,46.46,1123.575,0.0,0.0,0.0,0.0
AS14.08,2014-02-17,,,,,0.0,0.0,6.0,0.0,0.0,0.0,0.0,0.0,0.0,0.0,0.0,0.0,0.0,0.0,0.0
AS14.08,2014-02-22,,,,,0.0,1.0,0.0,0.0,0.0,0.0,0.0,0.0,0.0,0.0,0.0,0.0,0.0,0.0,0.0
AS14.08,2014-02-27,,,,,0.0,0.0,11.0,0.0,0.0,0.0,0.0,0.0,0.0,0.0,0.0,0.0,0.0,0.0,0.0
AS14.08,2014-03-04,7.055555555555555,0.0,0.8333333333333334,,0.0,0.0,16.0,0.0,0.0,0.0,0.0,0.0,0.0,0.0,0.0,0.0,0.0,0.0,0.0
AS14.08,2014-03-09,6.84,-0.2,0.76,,825.9980003833764,0.0,18.0,169.212,287.188,0.0,0.0,0.0,0.0,208.855,200.95100000000002,0.0,0.0,13.062,0.0
AS14.08,2014-03-14,6.5,-0.4166666666666667,0.75,0.023904200536661407,9755.156000614168,0.0,14.0,872.923,8998.347,220.38000000000002,0.0,0.0,17.086,285.79,9289.971000000001,1277.345,180.24699999999999,31.228,0.0
AS14.08,2014-03-19,6.72,-0.28,0.8,0.03877992462043864,8023.109998941421,3.0,5.0,5225.338,8469.909,26.471,0.0,0.0,0.0,4272.848,4475.438,413.179,0.0,165.03799999999998,0.0
AS14.08,2014-03-24,6.625,-0.375,0.7083333333333334,0.05093425339508379,8932.667001247408,1.0,24.0,1381.47,5495.066,201.519,0.0,0.0,161.499,253.952,5406.63,0.0,526.208,46.141999999999996,0.0
AS14.08,2014-03-29,7.076923076923077,-0.3076923076923077,0.9230769230769231,0.054144126440949195,6413.492000579833,0.0,2.0,121.83800000000001,5418.838,196.332,0.0,0.0,0.0,266.466,2591.981,0.0,0.0,37.186,0.0
AS14.08,2014-04-03,7.318181818181818,0.045454545454545456,1.1818181818181819,0.06961187374453341,11576.635998487474,3.0,6.0,648.011,6891.424,456.336,0.0,0.0,0.0,292.171,4817.135,0.0,7.028,87.754,0.0
AS14.08,2014-04-08,7.043478260869565,0.391304347826087,0.8695652173913043,0.08153632957750699,11678.63100194931,1.0,0.0,322.778,8869.264,356.04,0.0,0.0,0.0,3909.786,5456.748,0.0,0.0,87.806,0.0
AS14.08,2014-04-13,6.68,-0.44,0.8,0.053920003055726765,13638.183999300007,0.0,0.0,644.722,6527.864,506.2,0.0,0.0,93.53999999999999,529.879,5979.39,1114.867,0.0,72.864,0.0
AS14.08,2014-04-18,6.52,-0.36,0.72,0.03992782560636289,8504.84299731255,0.0,0.0,2824.752,2498.803,720.465,0.0,0.0,5.032,229.404,9404.763,0.0,39.458,28.122999999999998,0.0
AS14.08,2014-04-23,6.083333333333333,-0.25,0.625,0.0667823216707626,8455.642000913622,0.0,3.0,649.37,4140.112,918.636,0.0,0.0,163.344,713.5200000000001,2741.683,0.0,0.0,0.0,0.0
AS14.08,2014-04-28,6.52,-0.32,0.76,0.06142514202082632,13051.164999961842,0.0,0.0,314.781,5534.497,4204.29,0.0,0.0,0.0,225.906,2558.4719999999998,0.0,0.0,205.724,0.0
AS14.08,2014-05-03,7.0,-0.15384615384615385,1.0,0.10006029515441861,3115.7540001869197,1.0,0.0,248.994,2139.062,0.0,0.0,0.0,0.0,93.176,1323.058,0.0,317.828,44.214,0.0
AS14.09,2014-02-17,,,,,0.0,5.0,0.0,0.0,0.0,0.0,0.0,0.0,0.0,0.0,0.0,0.0,0.0,0.0,0.0
AS14.09,2014-02-22,,,,,0.0,14.0,2.0,0.0,0.0,0.0,0.0,0.0,0.0,0.0,0.0,0.0,0.0,0.0,0.0
AS14.09,2014-02-27,,,,,0.0,7.0,6.0,0.0,0.0,0.0,0.0,0.0,0.0,0.0,0.0,0.0,0.0,0.0,0.0
AS14.09,2014-03-04,,,,,0.0,11.0,8.0,0.0,0.0,0.0,0.0,0.0,0.0,0.0,0.0,0.0,0.0,0.0,0.0
AS14.09,2014-03-09,,,,,0.0,13.0,4.0,0.0,0.0,0.0,0.0,0.0,0.0,0.0,0.0,0.0,0.0,0.0,0.0
AS14.09,2014-03-14,,,,,0.0,7.0,0.0,0.0,0.0,0.0,0.0,0.0,0.0,0.0,0.0,0.0,0.0,0.0,0.0
AS14.09,2014-03-19,6.875,0.375,0.5,0.04809027777777775,14874.35499930382,10.0,6.0,477.621,7095.909,9843.189,0.0,0.0,15.421999999999999,432.338,140.901,386.90500000000003,0.0,6.077,3.02
AS14.09,2014-03-24,7.409090909090909,0.13636363636363635,0.5454545454545454,0.05960769195682989,36331.110002994545,9.0,2.0,1733.87,10506.831,15881.933,278.032,0.0,21.447,545.446,2140.337,1267.802,454.372,170.654,31.829
AS14.09,2014-03-29,7.291666666666667,-0.25,0.5416666666666666,0.07949532754278184,39547.44399857521,17.0,1.0,6053.848,16292.97,14046.874,242.515,0.0,4.1,297.736,831.813,871.265,729.504,75.679,83.53399999999999
AS14.09,2014-04-03,7.043478260869565,-0.34782608695652173,0.6086956521739131,0.11791666666666667,31011.9380042553,6.0,1.0,1361.732,13655.224,11685.717,273.11,256.011,12.120000000000001,344.90999999999997,1046.731,2131.935,84.345,26.415999999999997,114.576
AS14.09,2014-04-08,6.739130434782608,0.13043478260869565,0.4782608695652174,0.06188888888888889,18921.055001497265,6.0,1.0,792.6709999999999,6694.997,6255.357,207.31199999999998,0.0,1.032,186.763,259.024,1014.864,230.965,61.117000000000004,0.0
AS14.09,2014-04-13,6.043478260869565,-0.30434782608695654,0.043478260869565216,0.09702441077441076,6640.162000179289,3.0,4.0,250.052,2816.651,2870.839,185.288,0.0,5.029,113.835,0.0,531.785,151.641,6.114999999999999,0.0
AS14.09,2014-04-18,6.7727272727272725,-0.45454545454545453,0.5454545454545454,0.06421521553563807,8142.251998901366,19.0,1.0,1026.335,2428.9,4263.726,113.105,0.0,76.38000000000001,49.195,368.953,558.841,108.031,5.215999999999999,0.0
AS14.09,2014-04-23,7.0,-0.15789473684210525,0.7368421052631579,0.08096746150024839,6750.231000185013,7.0,2.0,912.8790000000001,2764.089,3004.125,322.471,0.0,0.0,95.138,36.361000000000004,4.024,101.52000000000001,0.0,44.56
AS14.09,2014-04-28,7.090909090909091,-0.2727272727272727,0.6818181818181818,,0.0,0.0,0.0,0.0,0.0,0.0,0.0,0.0,0.0,0.0,0.0,0.0,0.0,0.0,0.0
AS14.09,2014-05-03,6.909090909090909,0.0,0.5454545454545454,,0.0,0.0,0.0,0.0,0.0,0.0,0.0,0.0,0.0,0.0,0.0,0.0,0.0,0.0,0.0
AS14.12,2014-02-17,,,,,0.0,3.0,1.0,0.0,0.0,0.0,0.0,0.0,0.0,0.0,0.0,0.0,0.0,0.0,0.0
AS14.12,2014-02-22,,,,,0.0,17.0,1.0,0.0,0.0,0.0,0.0,0.0,0.0,0.0,0.0,0.0,0.0,0.0,0.0
AS14.12,2014-02-27,,,,,0.0,12.0,0.0,0.0,0.0,0.0,0.0,0.0,0.0,0.0,0.0,0.0,0.0,0.0,0.0
AS14.12,2014-03-04,,,,,0.0,14.0,9.0,0.0,0.0,0.0,0.0,0.0,0.0,0.0,0.0,0.0,0.0,0.0,0.0
AS14.12,2014-03-09,,,,,0.0,3.0,1.0,0.0,0.0,0.0,0.0,0.0,0.0,0.0,0.0,0.0,0.0,0.0,0.0
AS14.12,2014-03-14,5.5,0.0,-0.5,,0.0,12.0,5.0,0.0,0.0,0.0,0.0,0.0,0.0,0.0,0.0,0.0,0.0,0.0,0.0
AS14.12,2014-03-19,,,,,0.0,4.0,0.0,0.0,0.0,0.0,0.0,0.0,0.0,0.0,0.0,0.0,0.0,0.0,0.0
AS14.12,2014-03-24,6.875,-0.25,0.875,0.12487312732217766,16543.728000640876,13.0,1.0,5590.803,3471.2200000000003,4068.929,0.0,0.0,0.0,149.813,7962.967,0.0,0.0,19.221,0.0
AS14.12,2014-03-29,6.2272727272727275,0.3181818181818182,0.5909090909090909,0.1074438624563936,38995.43399977683,12.0,0.0,10483.55,7991.179,3396.79,194.916,14.796,414.69100000000003,275.358,8862.003,967.306,60.299,23.237000000000002,0.0
AS14.12,2014-04-03,6.130434782608695,0.30434782608695654,0.5652173913043478,0.1318571425177631,31152.950001955032,14.0,4.0,7404.196,5038.594,4420.464,222.61,112.34700000000001,1378.2,252.00199999999998,12417.218,2871.916,0.0,42.897999999999996,0.0
AS14.12,2014-04-08,6.304347826086956,-0.043478260869565216,0.4782608695652174,0.11450703636596551,39006.614996910095,4.0,0.0,48291.208,5762.722,5284.174,234.239,184.96200000000002,289.88800000000003,260.184,17124.629,1012.728,0.0,29.464,0.0
AS14.12,2014-04-13,6.541666666666667,-0.041666666666666664,0.7083333333333334,0.12640377529597666,38449.84700345993,15.0,2.0,9199.432,8830.029,4510.119,112.17099999999999,0.0,343.875,310.721,16241.039999999999,547.291,0.0,25.278,0.0
AS14.12,2014-04-18,6.260869565217392,0.043478260869565216,0.782608695652174,0.1396897835014293,50824.440000057235,7.0,2.0,41394.5,6698.669,8833.954,44.417,611.609,82.47,269.251,17300.513,2450.344,0.0,18.362,0.0
AS14.12,2014-04-23,6.333333333333333,-0.09523809523809523,0.7619047619047619,0.17209039725555028,25794.927996873852,17.0,1.0,8225.149,1935.915,2431.814,187.599,0.0,223.418,237.636,11380.32,3826.567,0.0,36.423,153.147
AS14.12,2014-04-28,6.190476190476191,-0.3333333333333333,0.8095238095238095,0.10239323391649299,44095.48599982261,9.0,10.0,9826.739,7870.12,5495.035,746.403,181.611,316.419,235.139,16286.617,1135.609,0.0,13.221,0.0
AS14.12,2014-05-03,5.428571428571429,-0.42857142857142855,0.07142857142857142,0.08541435741651063,15231.529003620146,3.0,1.0,7317.766,2337.293,1862.55,52.151,0.0,70.349,115.978,7361.939,1.026,0.0,22.674,0.0
AS14.13,2014-02-17,,,,,0.0,15.0,6.0,0.0,0.0,0.0,0.0,0.0,0.0,0.0,0.0,0.0,0.0,0.0,0.0
AS14.13,2014-02-22,,,,,0.0,12.0,0.0,0.0,0.0,0.0,0.0,0.0,0.0,0.0,0.0,0.0,0.0,0.0,0.0
AS14.13,2014-02-27,,,,,0.0,20.0,5.0,0.0,0.0,0.0,0.0,0.0,0.0,0.0,0.0,0.0,0.0,0.0,0.0
AS14.13,2014-03-04,,,,,0.0,6.0,3.0,0.0,0.0,0.0,0.0,0.0,0.0,0.0,0.0,0.0,0.0,0.0,0.0
AS14.13,2014-03-09,7.0,-2.0,1.0,,1252.236999988556,3.0,0.0,64.527,513.395,73.508,0.0,0.0,0.0,467.236,174.092,0.0,0.0,0.0,0.0
AS14.13,2014-03-14,6.96,-0.16,0.72,,22743.270996809006,0.0,6.0,5554.6849999999995,15728.020999999999,3273.446,0.0,0.0,0.0,6417.969,2918.526,3098.563,141.978,12.518,0.0
AS14.13,2014-03-19,7.28,0.84,0.92,0.1437840535529152,55563.741996288314,0.0,4.0,2710.072,45680.365,5885.626,0.0,0.0,0.0,5613.171,1858.865,47.006,19.359,0.0,0.0
AS14.13,2014-03-24,7.96,-0.2,1.36,0.2365124560310292,39495.418998479836,3.0,2.0,2596.309,27110.317,4564.177,0.0,0.0,33.368,2208.777,4153.945,1103.622,0.0,25.496,0.0
AS14.13,2014-03-29,7.041666666666667,-1.25,0.875,0.3079689731289409,37282.82699632644,4.0,3.0,4376.995,30254.506,3569.389,0.0,0.0,0.0,1933.289,6427.054999999999,0.0,13.518999999999998,43.997,0.0
AS14.13,2014-04-03,7.208333333333333,-0.2916666666666667,1.0,0.25963737067471626,50833.195000171654,4.0,11.0,4235.629,50034.504,2151.882,0.0,0.0,0.0,2190.249,1959.435,283.402,211.247,0.0,0.0
AS14.13,2014-04-08,7.44,0.48,1.16,0.2266357312413305,44636.30999803542,12.0,6.0,3746.479,35697.21,1348.3,0.0,0.0,247.82600000000002,1538.5890000000002,1188.252,0.0,0.0,341.01,0.0
AS14.13,2014-04-13,6.375,-0.5416666666666666,0.75,0.2458634491084943,39520.34699964523,6.0,4.0,3851.118,33267.188,73.766,0.0,0.0,158.081,2817.657,1148.06,0.0,56.775999999999996,0.0,0.0
AS14.13,2014-04-18,6.476190476190476,-1.1904761904761905,0.6666666666666666,0.22088945004040614,30549.53900313377,1.0,1.0,3349.778,26608.327,392.296,0.0,0.0,134.295,3363.498,1070.11,59.209,0.0,0.0,0.0
AS14.13,2014-04-23,7.9523809523809526,-0.6190476190476191,1.2857142857142858,0.3584744942804944,44415.64699983596,5.0,2.0,2916.425,23987.461,0.0,0.0,0.0,16.433,2264.774,4019.185,572.823,298.577,69.928,0.0
AS14.13,2014-04-28,8.125,-1.3333333333333333,1.125,0.26258709212849507,37864.18000006676,0.0,0.0,2179.9,30600.794,0.0,0.0,0.0,315.595,1670.825,2325.483,1417.315,142.69,0.0,0.0
AS14.13,2014-05-03,7.4,-0.8,1.0,,69.4070000648498,0.0,0.0,35.452,1.095,0.0,0.0,0.0,0.0,0.0,69.036,0.0,0.0,0.0,0.0
AS14.14,2014-02-17,,,,,0.0,6.0,9.0,0.0,0.0,0.0,0.0,0.0,0.0,0.0,0.0,0.0,0.0,0.0,0.0
AS14.14,2014-02-22,,,,,0.0,17.0,6.0,0.0,0.0,0.0,0.0,0.0,0.0,0.0,0.0,0.0,0.0,0.0,0.0
AS14.14,2014-02-27,,,,,0.0,10.0,19.0,0.0,0.0,0.0,0.0,0.0,0.0,0.0,0.0,0.0,0.0,0.0,0.0
AS14.14,2014-03-04,,,,,0.0,13.0,15.0,0.0,0.0,0.0,0.0,0.0,0.0,0.0,0.0,0.0,0.0,0.0,0.0
AS14.14,2014-03-09,,,,,0.0,6.0,8.0,0.0,0.0,0.0,0.0,0.0,0.0,0.0,0.0,0.0,0.0,0.0,0.0
AS14.14,2014-03-14,,,,,0.0,22.0,3.0,0.0,0.0,0.0,0.0,0.0,0.0,0.0,0.0,0.0,0.0,0.0,0.0
AS14.14,2014-03-19,6.222222222222222,-0.4444444444444444,0.2777777777777778,0.10203046438304683,31635.166001081467,10.0,1.0,13690.366,10988.489,1135.154,854.144,0.0,0.0,5273.707,4622.606,63.638,0.0,12.133,0.0
AS14.14,2014-03-24,6.434782608695652,-0.5652173913043478,0.5652173913043478,0.09104700211651508,60789.091000556946,4.0,2.0,19905.886,33876.221,1389.93,1630.962,0.0,0.0,4263.767,5992.166,1784.749,13.838000000000001,0.0,0.0
AS14.14,2014-03-29,6.882352941176471,-0.35294117647058826,0.8235294117647058,0.06848804467715962,11644.647997617723,6.0,3.0,34696.64,3671.346,11.45,155.061,0.0,0.0,151.32,925.6189999999999,0.0,0.0,0.0,0.0
AS14.14,2014-04-03,7.304347826086956,-0.8260869565217391,0.9130434782608695,0.025545513693326617,5979.849999904634,1.0,1.0,5289.531,8033.371,0.0,8.059,0.0,3.011,295.397,369.481,0.0,0.0,0.0,0.0
AS14.14,2014-04-08,7.294117647058823,0.17647058823529413,0.9411764705882353,0.06040109109899738,3066.608999729157,3.0,0.0,48055.539,272.137,0.0,0.0,0.0,0.0,184.847,108.775,0.0,0.0,0.0,0.0
AS14.14,2014-04-13,6.285714285714286,-0.07142857142857142,0.42857142857142855,0.03137460034518859,2223.697999477387,0.0,1.0,21593.944,156.202,0.0,0.0,0.0,77.54299999999999,3108.388,33.663,0.0,0.0,0.0,0.0
AS14.14,2014-04-18,6.9411764705882355,-0.23529411764705882,0.7058823529411765,0.015585009327561131,2553.7160005569453,2.0,3.0,4271.825,794.112,0.0,0.0,169.699,0.0,202.716,217.115,0.0,0.0,0.0,0.0
AS14.14,2014-04-23,7.6,0.06666666666666667,1.0,0.04949264417393443,2707.0170001983656,0.0,1.0,12522.323999999999,829.86,0.0,0.0,0.0,32.423,210.686,14.192,141.701,0.0,0.0,0.0
AS14.14,2014-04-28,6.571428571428571,0.42857142857142855,0.8571428571428571,0.0358492104254816,990.2240004539487,1.0,0.0,775.9929999999999,42.365,0.0,0.0,0.0,0.0,109.73400000000001,179.511,0.0,0.0,0.0,0.0
AS14.14,2014-05-03,6.846153846153846,-0.15384615384615385,0.9230769230769231,0.003213587487781034,1248.1630010604858,0.0,0.0,5396.51,298.21000000000004,0.0,0.0,0.0,0.0,135.944,52.27,0.0,0.0,0.0,0.0
AS14.15,2014-02-17,,,,,0.0,30.0,16.0,0.0,0.0,0.0,0.0,0.0,0.0,0.0,0.0,0.0,0.0,0.0,0.0
AS14.15,2014-02-22,,,,,0.0,34.0,13.0,0.0,0.0,0.0,0.0,0.0,0.0,0.0,0.0,0.0,0.0,0.0,0.0
AS14.15,2014-02-27,,,,,0.0,14.0,0.0,0.0,0.0,0.0,0.0,0.0,0.0,0.0,0.0,0.0,0.0,0.0,0.0
AS14.15,2014-03-04,,,,,0.0,28.0,1.0,0.0,0.0,0.0,0.0,0.0,0.0,0.0,0.0,0.0,0.0,0.0,0.0
AS14.15,2014-03-09,,,,,0.0,32.0,1.0,0.0,0.0,0.0,0.0,0.0,0.0,0.0,0.0,0.0,0.0,0.0,0.0
AS14.15,2014-03-14,6.583333333333333,0.0,0.5,0.108842383107089,3623.387000322343,29.0,1.0,1665.533,1940.253,5.019,0.0,0.0,45.186,226.783,0.0,94.55199999999999,0.0,17.082,0.0
AS14.15,2014-03-19,7.08,0.16,1.0,0.0727939326571596,3047.772000074387,15.0,7.0,1704.801,1645.6950000000002,0.0,0.0,0.0,3.01,46.389,0.0,0.0,0.0,0.0,0.0
AS14.15,2014-03-24,7.08,1.08,0.92,0.07565095003518651,8303.675999641417,28.0,3.0,2298.655,5818.424,0.0,0.0,0.0,21.464,411.243,0.0,62.299,0.0,48.229,0.0
AS14.15,2014-03-29,7.2,-0.08,0.96,0.21364323507180655,3696.4490001201625,35.0,12.0,1312.629,2381.346,0.0,0.0,0.0,18.103,18.063000000000002,219.71300000000002,0.0,0.0,0.0,0.0
AS14.15,2014-04-03,7.04,0.48,0.68,0.11939206350839125,1706.8030004501336,17.0,2.0,812.467,988.599,0.0,0.0,0.0,0.0,18.198,236.197,0.0,0.0,0.0,0.0
AS14.15,2014-04-08,7.08,0.4,0.88,0.039989296157059304,3607.9389996528625,12.0,4.0,1119.487,1695.1490000000001,414.577,0.0,0.0,0.0,11.077,427.776,0.0,0.0,0.0,0.0
AS14.15,2014-04-13,6.875,0.5416666666666666,0.7916666666666666,0.06756453423120086,8047.257999420164,25.0,2.0,3096.908,5194.158,0.0,0.0,0.0,168.04899999999998,156.942,172.591,194.88,23.129,0.0,0.0
AS14.15,2014-04-18,6.84,-0.16,0.76,0.10767124651533244,4455.4749994277945,3.0,0.0,854.527,2163.19,364.104,0.0,0.0,488.59200000000004,2348.6440000000002,170.724,103.633,0.0,0.0,0.0
AS14.15,2014-04-23,6.84,0.84,0.64,0.10138888888888889,4641.127000808717,15.0,16.0,1262.425,4007.7,39.181,0.0,0.0,28.243,390.761,12.082,0.0,0.0,0.0,0.0
AS14.15,2014-04-28,6.72,0.68,0.2,0.04136363636363633,2239.330000162124,5.0,0.0,660.204,3753.304,0.0,96.649,0.0,0.0,234.24599999999998,0.0,0.0,0.0,0.0,0.0
AS14.15,2014-05-03,6.947368421052632,0.21052631578947367,0.5263157894736842,0.1173913043478261,2415.6749999523167,17.0,3.0,1054.347,1466.99,672.08,0.0,0.0,0.0,15.069,69.481,23.103,0.0,0.0,0.0
AS14.15,2014-05-08,7.0,0.5,1.0,,0.0,0.0,0.0,0.0,0.0,0.0,0.0,0.0,0.0,0.0,0.0,0.0,0.0,0.0,0.0
AS14.16,2014-02-17,,,,,0.0,9.0,1.0,0.0,0.0,0.0,0.0,0.0,0.0,0.0,0.0,0.0,0.0,0.0,0.0
AS14.16,2014-02-22,,,,,0.0,11.0,2.0,0.0,0.0,0.0,0.0,0.0,0.0,0.0,0.0,0.0,0.0,0.0,0.0
AS14.16,2014-02-27,,,,,0.0,16.0,4.0,0.0,0.0,0.0,0.0,0.0,0.0,0.0,0.0,0.0,0.0,0.0,0.0
AS14.16,2014-03-04,,,,,0.0,7.0,4.0,0.0,0.0,0.0,0.0,0.0,0.0,0.0,0.0,0.0,0.0,0.0,0.0
AS14.16,2014-03-09,8.0,-0.5,1.5,,206.30899977683998,20.0,3.0,49.139,184.405,0.0,0.0,0.0,0.0,0.0,0.0,0.0,0.0,0.0,0.0
AS14.16,2014-03-14,6.84,-0.2,0.64,0.0552723850839771,2397.31800031662,5.0,9.0,565.114,1159.8029999999999,162.364,81.374,0.0,0.0,103.36800000000001,319.701,0.0,0.0,0.0,0.0
AS14.16,2014-03-19,6.545454545454546,0.4090909090909091,0.7727272727272727,0.047012650813305745,2606.3559999465933,13.0,9.0,720.726,616.052,312.42,13.047,0.0,0.0,65.40599999999999,401.828,0.0,0.0,0.0,0.0
AS14.16,2014-03-24,6.086956521739131,0.043478260869565216,0.5652173913043478,0.12199386119550695,6111.515000104909,1.0,17.0,673.02,1270.973,3453.4620000000004,70.829,0.0,0.0,31.478,464.113,0.0,0.0,0.0,0.0
AS14.16,2014-03-29,5.85,-0.14285714285714285,0.6666666666666666,0.13157097195653367,11464.575000524528,13.0,10.0,449.754,609.237,1480.093,19.119,0.0,0.0,33.311,143.025,40.949,0.0,0.0,0.0
AS14.16,2014-04-03,6.6521739130434785,-0.30434782608695654,0.782608695652174,0.11042947968301531,9100.475000143048,5.0,5.0,1463.736,3122.213,2555.272,65.345,0.0,0.0,67.375,607.182,9.888,0.0,19.138,5.22
AS14.16,2014-04-08,6.833333333333333,0.375,0.9166666666666666,0.11128398547102462,4666.927000045779,16.0,2.0,352.806,761.592,113.05199999999999,98.75099999999999,162.983,0.0,20.146,332.04699999999997,0.0,0.0,0.0,0.0
AS14.16,2014-04-13,6.833333333333333,0.4166666666666667,0.75,0.08854035163662705,1470.0280010700228,11.0,8.0,796.799,610.154,0.0,102.41,0.0,0.0,31.381,191.858,0.0,0.0,0.0,0.0
AS14.16,2014-04-18,6.954545454545454,0.9545454545454546,0.9090909090909091,0.030162081729353297,3777.257997751237,2.0,7.0,776.987,1799.732,1385.095,0.0,0.0,0.0,14.093,321.499,0.0,0.0,0.0,0.0
AS14.16,2014-04-23,6.739130434782608,0.2608695652173913,0.7391304347826086,0.10679353549707685,3146.3629992008214,16.0,17.0,651.664,1338.34,345.058,139.93,0.0,0.0,14.081,40.475,0.0,0.0,0.0,4.01
AS14.16,2014-04-28,7.125,0.125,1.0,0.07387394758796531,3286.685001850128,27.0,7.0,787.628,1594.926,560.731,132.667,0.0,0.0,12.045,371.476,124.535,0.0,0.0,0.0
AS14.16,2014-05-03,7.2,0.8,1.0,0.04361905420475401,4152.076999425889,1.0,0.0,1219.2640000000001,884.994,1971.357,29.127,0.0,0.0,15.073,707.113,0.0,11.114,13.048,0.0
AS14.17,2014-02-17,,,,,0.0,3.0,3.0,0.0,0.0,0.0,0.0,0.0,0.0,0.0,0.0,0.0,0.0,0.0,0.0
AS14.17,2014-02-22,,,,,0.0,6.0,4.0,0.0,0.0,0.0,0.0,0.0,0.0,0.0,0.0,0.0,0.0,0.0,0.0
AS14.17,2014-02-27,,,,,0.0,1.0,5.0,0.0,0.0,0.0,0.0,0.0,0.0,0.0,0.0,0.0,0.0,0.0,0.0
AS14.17,2014-03-04,7.5,0.5555555555555556,1.0555555555555556,,0.0,7.0,1.0,0.0,0.0,0.0,0.0,0.0,0.0,0.0,0.0,0.0,0.0,0.0,0.0
AS14.17,2014-03-09,6.818181818181818,0.45454545454545453,0.5909090909090909,,0.0,5.0,2.0,0.0,0.0,0.0,0.0,0.0,0.0,0.0,0.0,0.0,0.0,0.0,0.0
AS14.17,2014-03-14,8.0,1.0,1.0,,0.0,11.0,2.0,0.0,0.0,0.0,0.0,0.0,0.0,0.0,0.0,0.0,0.0,0.0,0.0
AS14.17,2014-03-19,7.4,0.6666666666666666,0.8666666666666667,0.13703370972343606,18311.88799929618,2.0,1.0,23816.436999999998,20213.386000000002,5457.905,0.0,0.0,49.205999999999996,335.51800000000003,5475.593,199.966,0.0,17.126,0.0
AS14.17,2014-03-24,7.2272727272727275,0.45454545454545453,0.8181818181818182,0.12798248156233977,37787.42700338364,7.0,0.0,2664.08,14253.408,8411.073,0.0,0.0,299.443,425.586,6780.116,1283.2359999999999,0.0,137.456,0.0
AS14.17,2014-03-29,7.333333333333333,0.5714285714285714,0.8571428571428571,0.11781061712929289,25211.999003410336,13.0,3.0,3421.0679999999998,8054.952,6441.64,21.08,0.0,956.524,1145.671,7988.357,8738.154,0.0,185.607,0.0
AS14.17,2014-04-03,7.090909090909091,0.13636363636363635,1.0,0.11397935867232842,28710.20000362396,5.0,6.0,2246.5769999999998,6513.684,7967.042,0.0,0.0,103.302,439.348,4771.247,144.241,0.0,20.074,0.0
AS14.17,2014-04-08,7.043478260869565,0.4782608695652174,1.0,0.12187951252863875,33788.98299837114,3.0,1.0,5795.839,9753.942000000001,11889.682999999999,0.0,0.0,1334.472,404.992,6675.611,862.582,206.937,77.521,0.0
AS14.17,2014-04-13,7.08,0.44,1.0,0.09810793909539314,28307.4250011444,3.0,4.0,3189.732,13522.883,6963.984,0.0,0.0,217.233,1047.387,6915.49,756.325,0.0,52.905,0.0
AS14.17,2014-04-18,7.043478260869565,0.6521739130434783,1.0,0.12090025981836214,25601.855002164837,2.0,2.0,1126.443,14475.153,6701.71,0.0,0.0,256.297,228.019,4642.069,874.662,0.0,8.029,0.0
AS14.17,2014-04-23,7.3478260869565215,0.8695652173913043,0.9130434782608695,0.1356264659161557,29118.88699865342,6.0,4.0,30985.614,16008.512999999999,5930.923,0.0,2562.907,383.445,296.99699999999996,5801.6050000000005,1899.9270000000001,0.0,8.035,0.0
AS14.17,2014-04-28,7.0,0.8571428571428571,0.7142857142857143,0.13465253111316924,23364.57899832725,1.0,1.0,18452.452999999998,9795.627,3076.2780000000002,60.552,5364.334,259.152,155.423,3384.544,3843.925,0.0,53.019000000000005,0.0
AS14.17,2014-05-03,7.25,-0.2,1.0,0.14941273963644078,11385.332000255585,7.0,3.0,1035.309,3968.6369999999997,181.729,0.0,0.0,0.0,92.828,2419.0879999999997,324.06,0.0,56.985,0.0
AS14.19,2014-02-17,,,,,0.0,27.0,2.0,0.0,0.0,0.0,0.0,0.0,0.0,0.0,0.0,0.0,0.0,0.0,0.0
AS14.19,2014-02-22,,,,,0.0,5.0,2.0,0.0,0.0,0.0,0.0,0.0,0.0,0.0,0.0,0.0,0.0,0.0,0.0
AS14.19,2014-02-27,,,,,0.0,5.0,3.0,0.0,0.0,0.0,0.0,0.0,0.0,0.0,0.0,0.0,0.0,0.0,0.0
AS14.19,2014-03-04,,,,,0.0,37.0,1.0,0.0,0.0,0.0,0.0,0.0,0.0,0.0,0.0,0.0,0.0,0.0,0.0
AS14.19,2014-03-09,,,,,0.0,45.0,7.0,0.0,0.0,0.0,0.0,0.0,0.0,0.0,0.0,0.0,0.0,0.0,0.0
AS14.19,2014-03-14,,,,,0.0,19.0,3.0,0.0,0.0,0.0,0.0,0.0,0.0,0.0,0.0,0.0,0.0,0.0,0.0
AS14.19,2014-03-19,6.3076923076923075,-0.6923076923076923,0.6153846153846154,0.06834688650902225,12685.427999258047,33.0,0.0,5808.846,7001.166,0.0,0.0,0.0,0.0,701.141,144.269,0.0,0.0,0.0,0.0
AS14.19,2014-03-24,6.166666666666667,-0.5416666666666666,0.5833333333333334,0.1234265504826782,17672.336997032166,38.0,2.0,4079.549,14060.391,831.492,0.0,0.0,0.0,268.514,356.425,0.0,72.91,0.0,0.0
AS14.19,2014-03-29,7.12,-0.16,0.84,0.1090166375448168,14394.982000350949,25.0,3.0,5520.343,12793.029,85.27600000000001,0.0,0.0,0.0,281.139,47.717,238.217,8.822,0.0,0.0
AS14.19,2014-04-03,7.083333333333333,-0.5833333333333334,0.75,0.1287426206123355,15601.765004396439,43.0,1.0,5038.546,10290.139,0.0,0.0,360.982,0.0,416.315,487.356,0.0,0.0,0.0,0.0
AS14.19,2014-04-08,6.958333333333333,-0.3333333333333333,0.875,0.09131560212561322,11621.224003791809,32.0,3.0,6454.151,7466.749,0.0,0.0,0.0,0.0,220.209,518.101,0.0,0.0,53.342,0.0
AS14.19,2014-04-13,6.84,-0.52,0.96,0.1138100734410247,17428.898997306827,30.0,1.0,4432.612,20592.912,0.0,0.0,0.0,0.0,348.42,907.279,0.0,54.952999999999996,0.0,0.0
AS14.19,2014-04-18,6.88,-0.16,1.04,0.1095371206791028,12774.333999156952,26.0,1.0,2442.2889999999998,10285.977,0.0,0.0,229.132,0.0,239.91400000000002,498.10200000000003,0.0,8.679,0.0,0.0
AS14.19,2014-04-23,6.7727272727272725,-0.6363636363636364,0.9545454545454546,0.1173987362791791,13142.705999135971,25.0,2.0,4990.92,11560.29,546.49,0.0,0.0,0.0,481.649,848.114,259.458,0.0,3.653,0.0
AS14.19,2014-04-28,7.04,0.2,0.8,0.09851585807727066,12940.403996467592,33.0,0.0,3959.393,10891.155,5.125,0.0,0.0,0.0,277.172,1478.67,62.108000000000004,6.066,0.0,0.0
AS14.19,2014-05-03,7.0,0.07142857142857142,0.9285714285714286,0.11980096502908139,5883.775001287461,13.0,2.0,4566.275000000001,5846.621,0.0,0.0,0.0,0.0,136.974,487.567,0.0,0.0,0.0,0.0
AS14.20,2014-02-17,,,,,0.0,4.0,6.0,0.0,0.0,0.0,0.0,0.0,0.0,0.0,0.0,0.0,0.0,0.0,0.0
AS14.20,2014-02-22,,,,,0.0,0.0,2.0,0.0,0.0,0.0,0.0,0.0,0.0,0.0,0.0,0.0,0.0,0.0,0.0
AS14.20,2014-02-27,,,,,0.0,9.0,1.0,0.0,0.0,0.0,0.0,0.0,0.0,0.0,0.0,0.0,0.0,0.0,0.0
AS14.20,2014-03-04,,,,,0.0,8.0,8.0,0.0,0.0,0.0,0.0,0.0,0.0,0.0,0.0,0.0,0.0,0.0,0.0
AS14.20,2014-03-09,,,,,0.0,2.0,1.0,0.0,0.0,0.0,0.0,0.0,0.0,0.0,0.0,0.0,0.0,0.0,0.0
AS14.20,2014-03-14,,,,,0.0,0.0,2.0,0.0,0.0,0.0,0.0,0.0,0.0,0.0,0.0,0.0,0.0,0.0,0.0
AS14.20,2014-03-19,7.357142857142857,0.5714285714285714,0.5714285714285714,0.02546296296296295,2656.180999994277,0.0,1.0,317.826,1066.632,91.55799999999999,0.0,63.294,0.0,124.03,50.57,0.0,1639.096,0.0,0.0
AS14.20,2014-03-24,6.590909090909091,0.045454545454545456,0.22727272727272727,0.04512773998488285,7523.47899985314,0.0,1.0,1882.761,1338.148,839.996,0.0,1417.911,0.0,225.537,1349.41,0.0,1176.669,88.629,0.0
AS14.20,2014-03-29,6.9523809523809526,0.6,0.65,0.12075852445945312,3922.5930006504077,5.0,9.0,693.558,1201.6380000000001,148.78199999999998,0.0,1448.1480000000001,0.0,140.6,1116.759,93.43400000000001,821.101,0.0,0.0
AS14.20,2014-04-03,6.909090909090909,0.5454545454545454,0.7272727272727273,0.05675829784663406,7142.547998666763,6.0,2.0,732.794,2592.03,118.923,75.399,1918.272,0.0,206.787,1376.183,0.0,0.0,0.0,0.0
AS14.20,2014-04-08,7.238095238095238,0.3333333333333333,0.7142857142857143,0.04191992188837088,7469.357999563221,8.0,8.0,776.926,3405.589,372.839,49.692,936.093,0.0,177.16,1447.362,0.0,0.0,0.0,0.0
AS14.20,2014-04-13,6.8,0.0,0.48,0.04044236936427089,2420.543999910355,0.0,4.0,423.356,897.561,89.691,0.0,1066.57,0.0,25.42,455.358,0.0,39.18,0.0,0.0
AS14.20,2014-04-18,7.130434782608695,-0.043478260869565216,0.5652173913043478,0.07591026944922662,4420.765001773834,1.0,7.0,629.501,2968.35,14.783,0.0,196.45,0.0,199.476,1137.626,0.0,3.01,0.0,0.0
AS14.20,2014-04-23,6.9523809523809526,0.09523809523809523,0.3333333333333333,0.03831404125295324,5295.46300125122,3.0,2.0,989.1940000000001,2107.453,172.519,0.0,0.0,0.0,474.874,1619.1309999999999,0.0,59.635,0.0,0.0
AS14.20,2014-04-28,7.041666666666667,0.16666666666666666,0.4166666666666667,0.04729588894381282,3392.1599991321564,0.0,0.0,413.53499999999997,1236.342,218.466,0.0,561.0070000000001,0.0,46.019999999999996,530.869,0.0,0.0,0.0,0.0
AS14.20,2014-05-03,7.0,0.0,0.4444444444444444,,0.0,0.0,0.0,0.0,0.0,0.0,0.0,0.0,0.0,0.0,0.0,0.0,0.0,0.0,0.0
AS14.23,2014-02-17,,,,,0.0,7.0,5.0,0.0,0.0,0.0,0.0,0.0,0.0,0.0,0.0,0.0,0.0,0.0,0.0
AS14.23,2014-02-22,,,,,0.0,5.0,9.0,0.0,0.0,0.0,0.0,0.0,0.0,0.0,0.0,0.0,0.0,0.0,0.0
AS14.23,2014-02-27,,,,,0.0,4.0,2.0,0.0,0.0,0.0,0.0,0.0,0.0,0.0,0.0,0.0,0.0,0.0,0.0
AS14.23,2014-03-04,,,,,0.0,5.0,0.0,0.0,0.0,0.0,0.0,0.0,0.0,0.0,0.0,0.0,0.0,0.0,0.0
AS14.23,2014-03-09,,,,,0.0,9.0,2.0,0.0,0.0,0.0,0.0,0.0,0.0,0.0,0.0,0.0,0.0,0.0,0.0
AS14.23,2014-03-14,,,,,0.0,2.0,1.0,0.0,0.0,0.0,0.0,0.0,0.0,0.0,0.0,0.0,0.0,0.0,0.0
AS14.23,2014-03-19,7.0,-0.2857142857142857,1.0,0.23890952654903438,42951.34700345991,3.0,2.0,1472.943,10197.129,1888.8139999999999,0.0,0.0,0.0,361.304,27571.817,0.0,3095.8630000000003,21.201999999999998,0.0
AS14.23,2014-03-24,6.565217391304348,0.08695652173913043,0.782608695652174,0.35766774338727225,58773.783995628364,1.0,1.0,6825.438,24510.508,21897.618,0.0,2027.546,0.0,1735.7939999999999,1431.732,289.744,1577.176,3.016,0.0
AS14.23,2014-03-29,7.235294117647059,0.058823529411764705,1.411764705882353,0.4354103669712042,54686.74299716949,5.0,1.0,7339.075,27917.752,10666.204,0.0,5176.677,141.805,555.552,1133.53,1654.794,850.2719999999999,105.57000000000001,0.0
AS14.23,2014-04-03,6.5625,0.25,0.6875,0.3905818007111531,56680.30500292778,10.0,2.0,6194.646,33430.29,14162.122,0.0,1194.923,0.0,372.444,536.64,948.1719999999999,323.265,4.011,0.0
AS14.23,2014-04-08,7.083333333333333,0.0,0.9166666666666666,0.309860934351879,63858.20800042151,4.0,1.0,4056.142,30251.38,4188.619,0.0,14518.663999999999,0.0,718.476,1695.4379999999999,1082.042,436.758,31.163,0.0
AS14.23,2014-04-13,7.315789473684211,0.42105263157894735,1.105263157894737,0.36555556781862397,52143.057992935195,4.0,0.0,7057.397,25378.012,3031.347,0.0,6236.219,7448.26,1271.183,683.707,704.206,506.834,0.0,0.0
AS14.23,2014-04-18,7.260869565217392,0.13043478260869565,0.8695652173913043,0.41930900749747285,43734.81900262833,6.0,0.0,5829.712,23566.65,2835.939,0.0,184.365,3024.479,973.8190000000001,841.222,132.321,328.315,198.341,0.0
AS14.23,2014-04-23,7.368421052631579,-0.15789473684210525,1.0526315789473684,0.36984332667614295,52042.650000572205,8.0,2.0,8668.653,28617.81,1963.8149999999998,0.0,291.468,5572.2789999999995,1764.544,2436.3160000000003,252.151,1300.359,21.131999999999998,0.0
AS14.23,2014-04-28,7.636363636363637,-0.2727272727272727,1.0909090909090908,0.3900043938183429,62113.928002119064,6.0,2.0,3610.156,34378.372,8686.988,0.0,1441.3310000000001,8307.58,2324.378,2700.421,474.584,256.029,34.237,0.0
AS14.23,2014-05-03,,,,0.5164246467817896,5106.411001205443,0.0,0.0,423.354,4363.091,169.676,0.0,0.0,0.0,0.0,148.43200000000002,0.0,0.0,0.0,0.0
AS14.24,2014-04-08,,,,,0.0,18.0,7.0,0.0,0.0,0.0,0.0,0.0,0.0,0.0,0.0,0.0,0.0,0.0,0.0
AS14.24,2014-04-13,7.333333333333333,-0.6666666666666666,0.5333333333333333,0.0705059662402896,13578.041998863218,24.0,8.0,8439.435,6946.684,10.026,0.0,0.0,0.0,399.657,1448.215,191.99200000000002,0.0,14.517000000000001,0.0
AS14.24,2014-04-18,7.3478260869565215,0.391304347826087,0.8695652173913043,0.07890187490665475,22809.512999296192,29.0,3.0,6889.112999999999,16418.203,95.434,0.0,0.0,0.0,248.14,3566.763,0.0,45.823,56.549,0.0
AS14.24,2014-04-23,7.0,-0.043478260869565216,0.6956521739130435,0.1164397364574026,13056.015001296999,28.0,6.0,3762.867,7585.657,39.394000000000005,0.0,0.0,36.117,246.60399999999998,833.534,349.87600000000003,0.0,144.958,0.0
AS14.24,2014-04-28,6.761904761904762,-0.047619047619047616,0.6666666666666666,0.09142968319716485,25247.644001722336,16.0,3.0,8075.075,13202.003,238.499,0.0,0.0,55.592999999999996,230.701,1574.851,0.0,29.298,53.345,0.0
AS14.24,2014-05-03,6.8125,-0.25,0.8125,0.08453592820651994,20718.069001436226,2.0,0.0,8735.619999999999,10728.443,4.022,0.0,0.0,425.289,211.244,602.547,0.0,1073.813,14.104,0.0
AS14.24,2014-05-08,7.136363636363637,-0.6190476190476191,0.9047619047619048,0.08112528809992157,28441.940999269482,12.0,3.0,12175.458,14931.78,894.583,0.0,0.0,358.141,266.376,1766.57,34.145,353.105,25.266,0.0
AS14.24,2014-05-13,6.708333333333333,-0.2916666666666667,0.5,0.04456202767187775,29909.13900303841,22.0,5.0,9415.287,17212.240999999998,266.874,0.0,0.0,53.344,270.658,1651.502,23.2,0.0,78.849,0.0
AS14.24,2014-05-18,6.869565217391305,0.17391304347826086,0.6956521739130435,0.03448184094574469,17105.87199902534,11.0,8.0,4738.73,10778.247,32.339,0.0,0.0,0.0,300.799,1097.236,0.0,0.0,4.009,0.0
AS14.24,2014-05-23,6.833333333333333,0.16666666666666666,0.8333333333333334,0.02715499200900424,18393.112001419064,8.0,2.0,4148.199,5994.566,95.77799999999999,0.0,0.0,0.0,283.815,1159.6889999999999,0.0,34.409,0.0,0.0
AS14.24,2014-05-28,6.954545454545454,-0.2727272727272727,0.7727272727272727,0.0824723372574739,26695.79199981689,25.0,4.0,7561.72,11875.539999999999,0.0,0.0,0.0,0.0,250.294,1336.1009999999999,544.488,0.0,5.039,0.0
AS14.24,2014-06-02,7.2272727272727275,0.36363636363636365,1.0,0.10374564661583484,21316.547998189923,30.0,10.0,5925.779,13540.052,212.04999999999998,0.0,0.0,0.0,183.28,1111.336,225.73700000000002,0.0,47.926,0.0
AS14.24,2014-06-07,7.0,-1.3333333333333333,1.0,0.08736132522666579,6661.575998783117,0.0,2.0,5378.887,1111.48,0.0,0.0,0.0,0.0,24.283,297.61,0.0,0.0,0.0,0.0
AS14.25,2014-02-17,,,,,0.0,15.0,0.0,0.0,0.0,0.0,0.0,0.0,0.0,0.0,0.0,0.0,0.0,0.0,0.0
AS14.25,2014-02-22,,,,,0.0,24.0,0.0,0.0,0.0,0.0,0.0,0.0,0.0,0.0,0.0,0.0,0.0,0.0,0.0
AS14.25,2014-02-27,,,,,0.0,23.0,0.0,0.0,0.0,0.0,0.0,0.0,0.0,0.0,0.0,0.0,0.0,0.0,0.0
AS14.25,2014-03-04,,,,,0.0,29.0,0.0,0.0,0.0,0.0,0.0,0.0,0.0,0.0,0.0,0.0,0.0,0.0,0.0
AS14.25,2014-03-09,,,,,0.0,38.0,0.0,0.0,0.0,0.0,0.0,0.0,0.0,0.0,0.0,0.0,0.0,0.0,0.0
AS14.25,2014-03-14,,,,,0.0,22.0,0.0,0.0,0.0,0.0,0.0,0.0,0.0,0.0,0.0,0.0,0.0,0.0,0.0
AS14.25,2014-03-19,,,,,0.0,21.0,0.0,0.0,0.0,0.0,0.0,0.0,0.0,0.0,0.0,0.0,0.0,0.0,0.0
AS14.25,2014-03-24,,,,,0.0,32.0,0.0,0.0,0.0,0.0,0.0,0.0,0.0,0.0,0.0,0.0,0.0,0.0,0.0
AS14.25,2014-03-29,,,,,0.0,24.0,11.0,0.0,0.0,0.0,0.0,0.0,0.0,0.0,0.0,0.0,0.0,0.0,0.0
AS14.25,2014-04-03,,,,,0.0,29.0,9.0,0.0,0.0,0.0,0.0,0.0,0.0,0.0,0.0,0.0,0.0,0.0,0.0
AS14.25,2014-04-08,7.25,0.0,0.5,0.11391865582102813,32176.621000766754,21.0,13.0,18513.154,15059.017,1084.618,0.0,767.578,568.219,1060.651,10156.32,294.028,0.0,4.123,86.005
AS14.25,2014-04-13,6.6521739130434785,0.043478260869565216,0.2608695652173913,0.09203315936724026,43179.674002170555,23.0,4.0,6282.195,26845.832,60.439,0.0,275.75800000000004,623.412,841.13,7942.315,293.93600000000004,0.0,0.0,98.897
AS14.25,2014-04-18,7.2272727272727275,-0.22727272727272727,0.36363636363636365,0.0886499956947898,44771.76700162888,28.0,24.0,13136.08,24428.206,0.0,0.0,559.793,115.951,1419.161,5517.032999999999,949.97,0.0,0.0,104.154
AS14.25,2014-04-23,6.55,-0.4,0.35,0.07780233454057811,36987.01200008392,20.0,4.0,7822.119,22332.391,1186.037,187.268,1508.853,74.87,529.544,5076.0779999999995,629.148,50.439,0.0,139.636
AS14.25,2014-04-28,6.583333333333333,-0.4166666666666667,-0.041666666666666664,0.10749996431273308,55814.33499598504,58.0,18.0,17351.289,35817.461,1285.975,0.0,1158.397,189.49200000000002,1424.56,3070.3019999999997,800.0360000000001,0.0,0.0,66.122
AS14.25,2014-05-03,6.8125,-0.17647058823529413,0.17647058823529413,0.07721499468664321,50913.86999797822,15.0,2.0,9267.551,24870.48,5546.344,71.605,4005.604,385.315,1164.654,3356.289,1457.799,2403.134,0.0,115.624
AS14.25,2014-05-08,7.0,0.0,0.5,0.05208333333333331,2924.5859992504124,0.0,0.0,822.101,1095.098,174.541,0.0,376.45399999999995,0.0,126.869,518.437,103.71300000000001,0.0,0.0,13.111
AS14.26,2014-02-17,,,,,0.0,33.0,3.0,0.0,0.0,0.0,0.0,0.0,0.0,0.0,0.0,0.0,0.0,0.0,0.0
AS14.26,2014-02-22,,,,,0.0,9.0,20.0,0.0,0.0,0.0,0.0,0.0,0.0,0.0,0.0,0.0,0.0,0.0,0.0
AS14.26,2014-02-27,,,,,0.0,21.0,2.0,0.0,0.0,0.0,0.0,0.0,0.0,0.0,0.0,0.0,0.0,0.0,0.0
AS14.26,2014-03-04,,,,,0.0,22.0,3.0,0.0,0.0,0.0,0.0,0.0,0.0,0.0,0.0,0.0,0.0,0.0,0.0
AS14.26,2014-03-09,,,,,0.0,7.0,3.0,0.0,0.0,0.0,0.0,0.0,0.0,0.0,0.0,0.0,0.0,0.0,0.0
AS14.26,2014-03-14,,,,,0.0,6.0,4.0,0.0,0.0,0.0,0.0,0.0,0.0,0.0,0.0,0.0,0.0,0.0,0.0
AS14.26,2014-03-19,7.5,0.5,1.0,,0.0,6.0,5.0,0.0,0.0,0.0,0.0,0.0,0.0,0.0,0.0,0.0,0.0,0.0,0.0
AS14.26,2014-03-24,6.833333333333333,0.041666666666666664,0.2916666666666667,,0.0,8.0,2.0,0.0,0.0,0.0,0.0,0.0,0.0,0.0,0.0,0.0,0.0,0.0,0.0
AS14.26,2014-03-29,7.08,0.16,0.32,,0.0,5.0,4.0,0.0,0.0,0.0,0.0,0.0,0.0,0.0,0.0,0.0,0.0,0.0,0.0
AS14.26,2014-04-03,7.045454545454546,0.36363636363636365,0.4090909090909091,,0.0,5.0,5.0,0.0,0.0,0.0,0.0,0.0,0.0,0.0,0.0,0.0,0.0,0.0,0.0
AS14.26,2014-04-08,6.708333333333333,0.2916666666666667,0.25,,0.0,9.0,1.0,0.0,0.0,0.0,0.0,0.0,0.0,0.0,0.0,0.0,0.0,0.0,0.0
AS14.26,2014-04-13,6.8,0.12,0.16,0.0816234094152675,30528.4380004406,3.0,5.0,27062.852,5173.991,363.815,0.0,0.0,132.97899999999998,303.388,18855.626,107.875,149.882,0.0,53.409
AS14.26,2014-04-18,7.375,0.5,0.75,0.10534852485241546,36083.551003217704,0.0,7.0,23871.25,9857.873,254.822,0.0,0.0,0.0,248.316,20481.504,0.0,2.009,45.194,6.219
AS14.26,2014-04-23,6.88,0.44,0.4,0.13236092758800708,32125.977002620704,11.0,3.0,17965.992000000002,13227.635,255.294,0.0,0.0,0.0,246.50300000000001,12367.819,353.401,306.755,0.0,178.45
AS14.26,2014-04-28,6.96,0.32,0.56,0.12027091230842184,28022.021000385284,9.0,0.0,6769.625,10609.469,586.092,0.0,0.0,0.0,232.873,10593.693,72.414,424.117,26.402,71.389
AS14.26,2014-05-03,7.157894736842105,0.0,0.47368421052631576,0.06094279046353717,21779.106001853947,6.0,4.0,4076.978,2953.352,314.828,0.0,0.0,0.0,163.734,16142.034,0.0,117.875,0.0,0.0
AS14.26,2014-05-08,6.8,0.2,0.48,0.07569217941413854,37033.99199986458,12.0,2.0,39201.070999999996,13202.481,1944.398,0.0,0.0,0.0,230.336,12707.882,70.547,1211.232,54.316,201.476
AS14.26,2014-05-13,6.84,0.32,0.4,0.12083835266985503,38795.636001825325,6.0,2.0,14109.44,19873.582,573.758,0.0,0.0,0.0,175.176,10917.715,124.87199999999999,2.008,48.27,0.0
AS14.26,2014-05-18,7.16,-0.08,0.76,0.11326678976675413,35264.0599989891,10.0,0.0,6465.726,9298.105,583.643,0.0,0.0,0.0,203.042,17969.047,106.591,982.433,50.354,16.097
AS14.26,2014-05-23,6.916666666666667,-0.041666666666666664,0.5416666666666666,0.09082660865139686,37036.826999425895,7.0,0.0,12344.653,12749.847,924.689,0.0,0.0,0.0,788.3580000000001,13817.614,289.442,51.333,50.329,229.972
AS14.26,2014-05-28,6.4,0.06666666666666667,0.13333333333333333,0.07055301098457006,11086.305001020424,1.0,0.0,8278.606,3442.583,506.633,0.0,0.0,0.0,66.346,5194.727,136.843,0.0,0.0,184.321
AS14.27,2014-02-17,,,,,0.0,24.0,13.0,0.0,0.0,0.0,0.0,0.0,0.0,0.0,0.0,0.0,0.0,0.0,0.0
AS14.27,2014-02-22,,,,,0.0,5.0,13.0,0.0,0.0,0.0,0.0,0.0,0.0,0.0,0.0,0.0,0.0,0.0,0.0
AS14.27,2014-02-27,,,,,0.0,8.0,0.0,0.0,0.0,0.0,0.0,0.0,0.0,0.0,0.0,0.0,0.0,0.0,0.0
AS14.27,2014-03-04,,,,,0.0,7.0,11.0,0.0,0.0,0.0,0.0,0.0,0.0,0.0,0.0,0.0,0.0,0.0,0.0
AS14.27,2014-03-09,,,,,0.0,14.0,5.0,0.0,0.0,0.0,0.0,0.0,0.0,0.0,0.0,0.0,0.0,0.0,0.0
AS14.27,2014-03-14,,,,,0.0,7.0,2.0,0.0,0.0,0.0,0.0,0.0,0.0,0.0,0.0,0.0,0.0,0.0,0.0
AS14.27,2014-03-19,,,,,0.0,5.0,5.0,0.0,0.0,0.0,0.0,0.0,0.0,0.0,0.0,0.0,0.0,0.0,0.0
AS14.27,2014-03-24,,,,,0.0,10.0,3.0,0.0,0.0,0.0,0.0,0.0,0.0,0.0,0.0,0.0,0.0,0.0,0.0
AS14.27,2014-03-29,,,,0.153125,292.63900041580246,13.0,9.0,123.87599999999999,91.233,0.0,0.0,0.0,0.0,18.264,128.539,0.0,0.0,0.0,0.0
AS14.27,2014-04-03,7.28,0.08,0.48,0.08694579982530645,20155.30299568177,8.0,9.0,5982.340999999999,8723.736,0.0,0.0,1222.6399999999999,48.857000000000006,491.501,5897.101,280.897,0.0,19.125,25.474
AS14.27,2014-04-08,6.958333333333333,0.041666666666666664,0.375,0.09424568965517242,18443.318001747135,4.0,5.0,6186.589,8277.7,0.0,0.0,835.893,0.0,578.917,4890.986,488.468,0.0,1.004,0.0
AS14.27,2014-04-13,7.75,-0.4583333333333333,0.9166666666666666,0.10551660625777813,20059.378998994824,4.0,1.0,4800.048,7324.486,0.0,0.0,467.022,0.0,434.643,3688.858,4991.759,0.0,0.0,29.347
AS14.27,2014-04-18,7.583333333333333,-0.3333333333333333,0.7083333333333334,0.10539799253034549,19958.68700027466,16.0,6.0,35829.201,9655.034,0.0,0.0,1051.384,0.0,330.71999999999997,4801.336,1514.69,0.0,0.0,96.973
AS14.27,2014-04-23,8.0,0.5652173913043478,0.8260869565217391,0.15711877657399045,22896.330999851227,34.0,0.0,5927.257,9854.054,0.0,0.0,596.682,0.0,899.946,4935.262,1167.908,0.0,1.003,91.132
AS14.27,2014-04-28,7.28,-0.08,0.6,0.10796934865900382,24274.760999917988,10.0,0.0,4609.088,9348.641,414.024,0.0,1093.96,0.0,538.4449999999999,7218.905,1075.356,0.0,0.0,0.0
AS14.27,2014-05-03,7.277777777777778,0.4444444444444444,0.5,0.1083766295292054,25014.582998514175,6.0,4.0,6578.691,14290.548999999999,0.0,0.0,257.752,0.0,207.798,4375.776,213.976,0.0,0.0,0.0
AS14.27,2014-05-08,6.96,0.76,0.28,0.08953043072345684,26937.152999401093,14.0,4.0,5347.934,13352.949,0.0,0.0,403.067,0.0,247.51,4212.119,28.979,0.0,0.0,435.567
AS14.27,2014-05-13,7.090909090909091,1.0,0.5454545454545454,0.0775641025641026,6176.32200026512,3.0,3.0,1439.435,3340.615,0.0,0.0,14.079,0.0,71.483,1309.392,0.0,0.0,0.0,0.0
AS14.28,2014-02-17,,,,,0.0,2.0,2.0,0.0,0.0,0.0,0.0,0.0,0.0,0.0,0.0,0.0,0.0,0.0,0.0
AS14.28,2014-02-22,,,,,0.0,6.0,0.0,0.0,0.0,0.0,0.0,0.0,0.0,0.0,0.0,0.0,0.0,0.0,0.0
AS14.28,2014-02-27,,,,,0.0,2.0,0.0,0.0,0.0,0.0,0.0,0.0,0.0,0.0,0.0,0.0,0.0,0.0,0.0
AS14.28,2014-03-04,,,,,0.0,3.0,1.0,0.0,0.0,0.0,0.0,0.0,0.0,0.0,0.0,0.0,0.0,0.0,0.0
AS14.28,2014-03-14,,,,,0.0,5.0,1.0,0.0,0.0,0.0,0.0,0.0,0.0,0.0,0.0,0.0,0.0,0.0,0.0
AS14.28,2014-03-19,,,,,0.0,9.0,0.0,0.0,0.0,0.0,0.0,0.0,0.0,0.0,0.0,0.0,0.0,0.0,0.0
AS14.28,2014-03-24,,,,,0.0,8.0,1.0,0.0,0.0,0.0,0.0,0.0,0.0,0.0,0.0,0.0,0.0,0.0,0.0
AS14.28,2014-03-29,7.0,0.0,0.18181818181818182,0.07816153276337406,22357.550999641422,4.0,0.0,6890.884,5845.196,1076.515,506.649,520.2860000000001,0.0,255.868,6427.909,510.359,0.0,586.925,45.055
AS14.28,2014-04-03,7.375,-0.3333333333333333,0.75,0.0855597607146149,48262.617001771934,3.0,0.0,24280.95,13785.853,3329.796,95.584,669.615,0.0,394.226,13655.909,694.894,40.487,709.064,250.406
AS14.28,2014-04-08,7.476190476190476,-0.6666666666666666,0.7619047619047619,0.1822457772873065,64566.284999847405,10.0,9.0,18852.036,16439.086,1739.973,308.663,1172.672,0.0,535.77,10033.046,2254.559,69.49000000000001,982.474,106.42999999999999
AS14.28,2014-04-13,7.130434782608695,-0.43478260869565216,0.6521739130434783,0.08192657880630193,50146.04500174522,4.0,1.0,16509.507999999998,17304.584,2441.648,306.462,1578.9279999999999,0.0,331.066,14454.078,7.27,51.686,483.485,296.177
AS14.28,2014-04-18,7.0476190476190474,-0.42857142857142855,0.5238095238095238,0.06311341939499997,42808.98499798774,1.0,0.0,13391.492,7329.607,2435.0,228.979,1300.857,0.0,239.635,9228.041,703.13,70.692,3524.891,177.132
AS14.28,2014-04-23,7.380952380952381,-0.09523809523809523,0.9523809523809523,0.08397730903459218,43153.67700004578,0.0,1.0,12511.069,9634.143,1230.817,121.595,324.207,23.264,273.204,10470.814,569.9970000000001,80.561,2047.029,521.644
AS14.28,2014-04-28,6.681818181818182,-0.36363636363636365,0.6363636363636364,0.068773206240439,21209.228999137882,1.0,1.0,12188.783,5725.022,639.106,94.176,824.94,0.0,1167.882,6249.6539999999995,195.044,181.16899999999998,44.866,40.242
AS14.28,2014-05-03,6.85,0.0,0.5,0.04948945397061346,36259.038997650154,4.0,0.0,15626.287,8791.996,1151.437,60.894,1575.3809999999999,0.0,867.353,9053.688,355.35299999999995,196.04,1786.163,168.381
AS14.28,2014-05-08,6.5,0.0,0.5,0.03576887078168944,2669.583000421525,0.0,0.0,2596.097,1174.962,0.0,0.0,148.867,0.0,26.128,1240.587,0.0,0.0,0.0,0.0
AS14.29,2014-02-17,,,,,0.0,4.0,13.0,0.0,0.0,0.0,0.0,0.0,0.0,0.0,0.0,0.0,0.0,0.0,0.0
AS14.29,2014-02-22,,,,,0.0,4.0,10.0,0.0,0.0,0.0,0.0,0.0,0.0,0.0,0.0,0.0,0.0,0.0,0.0
AS14.29,2014-02-27,,,,,0.0,0.0,5.0,0.0,0.0,0.0,0.0,0.0,0.0,0.0,0.0,0.0,0.0,0.0,0.0
AS14.29,2014-03-04,,,,,0.0,11.0,13.0,0.0,0.0,0.0,0.0,0.0,0.0,0.0,0.0,0.0,0.0,0.0,0.0
AS14.29,2014-03-09,,,,,0.0,5.0,5.0,0.0,0.0,0.0,0.0,0.0,0.0,0.0,0.0,0.0,0.0,0.0,0.0
AS14.29,2014-03-14,,,,,0.0,5.0,4.0,0.0,0.0,0.0,0.0,0.0,0.0,0.0,0.0,0.0,0.0,0.0,0.0
AS14.29,2014-03-19,,,,,0.0,8.0,7.0,0.0,0.0,0.0,0.0,0.0,0.0,0.0,0.0,0.0,0.0,0.0,0.0
AS14.29,2014-03-24,,,,,0.0,0.0,9.0,0.0,0.0,0.0,0.0,0.0,0.0,0.0,0.0,0.0,0.0,0.0,0.0
AS14.29,2014-03-29,8.5,0.25,1.5,0.15358132140520145,2727.840999364854,3.0,9.0,222.425,922.345,7.023,0.0,0.0,375.103,170.449,2182.87,0.0,0.0,14.126000000000001,0.0
AS14.29,2014-04-03,7.681818181818182,-0.3333333333333333,0.5714285714285714,0.12720751406259792,35436.31499958038,1.0,8.0,807.013,9785.894,219.208,0.0,0.0,3424.412,745.269,20689.967,1185.6109999999999,0.0,15.058,0.0
AS14.29,2014-04-08,7.875,0.20833333333333334,0.8333333333333334,0.09840035958674984,37353.99299764633,1.0,8.0,1972.641,14013.543,943.0250000000001,27.183,0.0,3983.445,970.161,16847.798,321.256,0.0,6.055999999999999,0.0
AS14.29,2014-04-13,7.958333333333333,-0.08333333333333333,0.875,0.10460514588797111,46460.96599531173,3.0,10.0,1374.543,20774.86,2319.902,1.004,0.0,3613.355,511.768,20882.952,657.967,0.0,3.018,0.0
AS14.29,2014-04-18,7.173913043478261,-0.30434782608695654,0.30434782608695654,0.10181078408836876,36290.8079996109,5.0,15.0,2663.3199999999997,12104.004,644.782,0.0,0.0,4251.551,519.964,16510.895,771.278,0.0,12.118,0.0
AS14.29,2014-04-23,7.136363636363637,0.045454545454545456,0.5,0.15135009320943826,43101.01800751686,6.0,9.0,3212.481,13755.41,1804.625,0.0,0.0,4875.441,341.515,17547.375,1242.213,0.0,30.122,0.0
AS14.29,2014-04-28,7.5,-0.1,0.45,0.16627274382324678,38021.76699781417,1.0,10.0,5611.219,13149.55,3830.6549999999997,68.332,0.0,5862.053,198.077,11153.675,701.841,0.0,2.299,0.0
AS14.29,2014-05-03,7.7272727272727275,-0.2727272727272727,0.8181818181818182,0.19857574259304647,27364.65000104904,10.0,26.0,2437.049,5705.936,34.317,0.0,0.0,14635.991999999998,1080.3470000000002,7804.112,332.67699999999996,0.0,0.0,0.0
AS14.29,2014-05-08,7.36,-0.24,0.64,0.09212065475466062,60354.41200470925,3.0,9.0,1888.864,25781.378,2180.8340000000003,65.333,0.0,5147.784,1342.071,25218.977,74.93,0.0,3.0940000000000003,0.0
AS14.29,2014-05-13,7.583333333333333,0.25,0.5,0.1159977148754239,13091.360000133513,2.0,6.0,376.707,6476.817,53.247,0.0,0.0,850.979,511.768,7267.469,0.0,0.0,28.22,0.0
AS14.30,2014-02-17,,,,,0.0,9.0,0.0,0.0,0.0,0.0,0.0,0.0,0.0,0.0,0.0,0.0,0.0,0.0,0.0
AS14.30,2014-02-22,,,,,0.0,17.0,7.0,0.0,0.0,0.0,0.0,0.0,0.0,0.0,0.0,0.0,0.0,0.0,0.0
AS14.30,2014-02-27,,,,,0.0,6.0,0.0,0.0,0.0,0.0,0.0,0.0,0.0,0.0,0.0,0.0,0.0,0.0,0.0
AS14.30,2014-03-04,,,,,0.0,4.0,0.0,0.0,0.0,0.0,0.0,0.0,0.0,0.0,0.0,0.0,0.0,0.0,0.0
AS14.30,2014-03-09,,,,,0.0,9.0,5.0,0.0,0.0,0.0,0.0,0.0,0.0,0.0,0.0,0.0,0.0,0.0,0.0
AS14.30,2014-03-14,,,,,0.0,7.0,0.0,0.0,0.0,0.0,0.0,0.0,0.0,0.0,0.0,0.0,0.0,0.0,0.0
AS14.30,2014-03-19,7.611111111111111,-0.4444444444444444,1.0555555555555556,0.18082495092649759,47021.45599865911,8.0,2.0,3837.614,18650.791,13938.743,38.551,0.0,228.138,2712.616,7542.326,0.0,214.91,269.21999999999997,366.937
AS14.30,2014-03-24,7.625,-0.16666666666666666,0.9166666666666666,0.17924832542974617,87418.71400237083,21.0,0.0,7183.19,39287.225,14547.379,245.64600000000002,0.0,501.61699999999996,3724.062,14787.497,26.598999999999997,640.509,459.264,21.157
AS14.30,2014-03-29,7.8,-1.04,0.96,0.15974607825280263,64102.21300005913,14.0,2.0,7995.249,32038.435,17628.473,70.312,0.0,269.393,1830.912,6800.083,337.718,464.486,194.081,1.007
AS14.30,2014-04-03,7.88,-0.6,1.0,0.11194172391509222,66091.41000175476,6.0,0.0,7381.411,21641.287,20894.021,393.006,3196.4610000000002,115.101,1990.331,7721.117,239.614,593.918,285.02,172.391
AS14.30,2014-04-08,7.863636363636363,-0.7727272727272727,1.0,0.13849180449671017,76906.12199878693,7.0,7.0,9944.591,29909.697,17150.113,85.19500000000001,10372.054,4.011,2768.033,7944.889,80.762,20.292,372.053,8.032
AS14.30,2014-04-13,7.708333333333333,-0.9166666666666666,1.0833333333333333,0.1421758944180787,70698.50799918176,7.0,0.0,7090.756,26747.486,20729.277,210.015,5710.92,156.003,4822.465999999999,7750.812,51.313,566.698,232.029,0.0
AS14.30,2014-04-18,7.75,-1.2083333333333333,1.0416666666666667,0.10392991786589664,67876.41500020027,3.0,3.0,4610.862,24721.606,18444.487,93.784,3652.502,0.0,2388.898,10229.527,0.0,2146.786,320.304,3.008
AS14.30,2014-04-23,7.791666666666667,-1.1666666666666667,1.0416666666666667,0.16989778775005573,60447.3870048523,3.0,0.0,22908.007,20386.66,20063.906,172.459,329.842,11.033,1251.047,8468.43,130.664,488.263,142.81799999999998,30.059
AS14.30,2014-04-28,8.0,-1.04,1.0,0.16507817460644256,74755.12399888039,13.0,3.0,14554.212,27516.099000000002,19718.405,381.258,2488.856,10.205,2021.829,8593.184,761.259,744.495,407.984,0.0
AS14.30,2014-05-03,7.846153846153846,-1.2307692307692308,1.0,0.19122296107652642,10186.946000337603,3.0,0.0,1082.007,1676.592,4824.765,0.0,26.189,0.0,417.138,2151.145,0.0,0.0,9.033,0.0
AS14.31,2014-02-17,,,,,0.0,2.0,1.0,0.0,0.0,0.0,0.0,0.0,0.0,0.0,0.0,0.0,0.0,0.0,0.0
AS14.31,2014-02-22,,,,,0.0,8.0,11.0,0.0,0.0,0.0,0.0,0.0,0.0,0.0,0.0,0.0,0.0,0.0,0.0
AS14.31,2014-02-27,,,,,0.0,11.0,5.0,0.0,0.0,0.0,0.0,0.0,0.0,0.0,0.0,0.0,0.0,0.0,0.0
AS14.31,2014-03-04,,,,,0.0,19.0,10.0,0.0,0.0,0.0,0.0,0.0,0.0,0.0,0.0,0.0,0.0,0.0,0.0
AS14.31,2014-03-09,,,,,0.0,13.0,4.0,0.0,0.0,0.0,0.0,0.0,0.0,0.0,0.0,0.0,0.0,0.0,0.0
AS14.31,2014-03-14,,,,,0.0,10.0,6.0,0.0,0.0,0.0,0.0,0.0,0.0,0.0,0.0,0.0,0.0,0.0,0.0
AS14.31,2014-03-19,,,,,0.0,3.0,4.0,0.0,0.0,0.0,0.0,0.0,0.0,0.0,0.0,0.0,0.0,0.0,0.0
AS14.31,2014-03-24,,,,,0.0,15.0,4.0,0.0,0.0,0.0,0.0,0.0,0.0,0.0,0.0,0.0,0.0,0.0,0.0
AS14.31,2014-03-29,6.666666666666667,0.0,0.6666666666666666,0.22931345900612532,15817.494998931883,6.0,5.0,2097.953,2636.527,166.22,58.169,0.0,0.0,201.523,337.929,0.0,0.0,166.13,0.0
AS14.31,2014-04-03,6.8,0.4,0.48,0.17828209093093825,34894.985000371926,12.0,3.0,5379.455,3409.056,704.983,111.31,0.0,331.01800000000003,364.052,367.367,51.254,0.0,433.452,0.0
AS14.31,2014-04-08,7.2,0.48,0.76,0.2124882764280137,42565.07699561118,19.0,5.0,12035.323,14825.16,845.437,282.238,0.0,321.77,483.71299999999997,1185.833,0.0,0.0,1525.907,0.0
AS14.31,2014-04-13,6.739130434782608,-0.17391304347826086,0.6521739130434783,0.1954561815185417,25989.730997800823,10.0,3.0,6498.99,7442.098,1068.102,281.398,0.0,126.197,563.325,652.169,0.0,0.0,655.42,0.0
AS14.31,2014-04-18,7.208333333333333,0.5,1.0,0.24202952890022944,37240.9340004921,9.0,6.0,28407.692000000003,12698.525,3202.323,74.317,0.0,364.345,911.352,901.956,142.96,0.0,1654.226,0.0
AS14.31,2014-04-23,7.0,0.7272727272727273,1.0,0.21596807234202542,33788.07100224496,31.0,2.0,13921.843,14733.336,1387.0639999999999,363.825,0.0,493.954,692.232,484.585,576.426,5.064,2442.169,0.0
AS14.31,2014-04-28,6.954545454545454,0.6818181818181818,0.9090909090909091,0.12764658449817506,34382.86799907684,5.0,9.0,7929.075,9420.953,1337.512,294.629,0.0,333.569,2277.979,1125.554,137.757,0.0,3343.051,0.0
AS14.31,2014-05-03,7.111111111111111,0.7777777777777778,1.0555555555555556,0.035634548408723495,2675.0600001812027,0.0,0.0,912.239,434.368,0.0,0.0,0.0,2.112,281.329,53.183,0.0,0.0,1389.516,0.0
AS14.31,2014-05-08,7.083333333333333,0.8333333333333334,1.0,,0.0,0.0,0.0,0.0,0.0,0.0,0.0,0.0,0.0,0.0,0.0,0.0,0.0,0.0,0.0
AS14.31,2014-05-13,7.0,0.9166666666666666,1.0,0.026726726726726716,165.6840002536778,0.0,0.0,6.232,99.009,0.0,0.0,0.0,0.0,0.0,0.0,0.0,0.0,119.733,0.0
AS14.32,2014-02-17,,,,,0.0,40.0,5.0,0.0,0.0,0.0,0.0,0.0,0.0,0.0,0.0,0.0,0.0,0.0,0.0
AS14.32,2014-02-22,,,,,0.0,23.0,1.0,0.0,0.0,0.0,0.0,0.0,0.0,0.0,0.0,0.0,0.0,0.0,0.0
AS14.32,2014-02-27,,,,,0.0,27.0,1.0,0.0,0.0,0.0,0.0,0.0,0.0,0.0,0.0,0.0,0.0,0.0,0.0
AS14.32,2014-03-04,,,,,0.0,49.0,3.0,0.0,0.0,0.0,0.0,0.0,0.0,0.0,0.0,0.0,0.0,0.0,0.0
AS14.32,2014-03-09,,,,,0.0,21.0,2.0,0.0,0.0,0.0,0.0,0.0,0.0,0.0,0.0,0.0,0.0,0.0,0.0
AS14.32,2014-03-14,,,,,0.0,21.0,0.0,0.0,0.0,0.0,0.0,0.0,0.0,0.0,0.0,0.0,0.0,0.0,0.0
AS14.32,2014-03-19,,,,,0.0,27.0,2.0,0.0,0.0,0.0,0.0,0.0,0.0,0.0,0.0,0.0,0.0,0.0,0.0
AS14.32,2014-03-24,,,,,0.0,24.0,1.0,0.0,0.0,0.0,0.0,0.0,0.0,0.0,0.0,0.0,0.0,0.0,0.0
AS14.32,2014-03-29,7.333333333333333,-0.3333333333333333,0.5,0.16493096458489534,8995.882997512821,18.0,4.0,816.533,3704.403,3258.1169999999997,0.0,0.0,85.386,348.174,13.199,0.0,0.0,0.0,0.0
AS14.32,2014-04-03,7.8,-0.2,0.4,0.07939271091339213,24223.699998378757,20.0,17.0,4052.5570000000002,12932.934,8708.8,0.0,0.0,58.17,424.354,449.017,653.285,0.0,15.053,22.431
AS14.32,2014-04-08,8.0,0.3,0.45,0.09294852612712508,19490.10200071335,29.0,5.0,3938.516,11413.322,5727.8460000000005,0.0,0.0,0.0,323.691,478.988,200.049,0.0,13.118,0.0
AS14.32,2014-04-13,8.133333333333333,-0.26666666666666666,0.6,0.1057447663760981,23180.798998117447,28.0,2.0,5038.36,10283.73,5550.898,0.0,0.0,0.0,329.105,839.5229999999999,458.09,0.0,0.0,0.0
AS14.32,2014-04-18,7.0,-1.6,0.0,0.07822406655368486,23198.67000007629,8.0,1.0,2571.615,10465.659,4895.765,0.0,0.0,0.0,181.377,941.76,269.532,0.0,0.0,0.0
AS14.32,2014-04-23,7.3,-0.2,0.2,0.10775520993372457,36795.33899831772,22.0,2.0,4670.656,11057.796,3325.451,0.0,0.0,0.0,567.717,971.528,336.454,0.0,447.418,0.0
AS14.32,2014-04-28,7.352941176470588,0.0,0.29411764705882354,0.09683200291060455,24826.91099953652,37.0,3.0,4014.228,11468.785,7745.557999999999,0.0,0.0,0.0,257.658,0.0,263.868,0.0,0.0,0.0
AS14.32,2014-05-03,7.153846153846154,-0.5384615384615384,0.23076923076923078,0.08777668733980572,19311.274998188015,37.0,1.0,3551.905,13410.907,4220.433,0.0,0.0,0.0,334.633,773.034,113.693,0.0,0.0,0.0
AS14.32,2014-05-08,7.090909090909091,-0.8181818181818182,0.2727272727272727,0.10599762612742783,18012.51499891281,34.0,2.0,4839.621,10767.15,5534.143,0.0,0.0,6.036,392.63,1881.155,1242.246,0.0,0.0,0.0
AS14.32,2014-05-13,,,,0.14155388974045036,1177.0209996700285,0.0,0.0,451.66499999999996,758.077,164.004,0.0,0.0,0.0,0.0,0.0,0.0,0.0,0.0,0.0
AS14.33,2014-02-17,,,,,0.0,33.0,3.0,0.0,0.0,0.0,0.0,0.0,0.0,0.0,0.0,0.0,0.0,0.0,0.0
AS14.33,2014-02-22,,,,,0.0,10.0,1.0,0.0,0.0,0.0,0.0,0.0,0.0,0.0,0.0,0.0,0.0,0.0,0.0
AS14.33,2014-02-27,,,,,0.0,26.0,2.0,0.0,0.0,0.0,0.0,0.0,0.0,0.0,0.0,0.0,0.0,0.0,0.0
AS14.33,2014-03-04,,,,,0.0,21.0,3.0,0.0,0.0,0.0,0.0,0.0,0.0,0.0,0.0,0.0,0.0,0.0,0.0
AS14.33,2014-03-09,,,,,0.0,25.0,2.0,0.0,0.0,0.0,0.0,0.0,0.0,0.0,0.0,0.0,0.0,0.0,0.0
AS14.33,2014-03-14,,,,,0.0,8.0,2.0,0.0,0.0,0.0,0.0,0.0,0.0,0.0,0.0,0.0,0.0,0.0,0.0
AS14.33,2014-03-19,,,,,0.0,20.0,1.0,0.0,0.0,0.0,0.0,0.0,0.0,0.0,0.0,0.0,0.0,0.0,0.0
AS14.33,2014-03-24,,,,,0.0,48.0,3.0,0.0,0.0,0.0,0.0,0.0,0.0,0.0,0.0,0.0,0.0,0.0,0.0
AS14.33,2014-03-29,,,,,0.0,32.0,6.0,0.0,0.0,0.0,0.0,0.0,0.0,0.0,0.0,0.0,0.0,0.0,0.0
AS14.33,2014-04-03,,,,,0.0,18.0,0.0,0.0,0.0,0.0,0.0,0.0,0.0,0.0,0.0,0.0,0.0,0.0,0.0
AS14.33,2014-04-08,,,,,0.0,24.0,2.0,0.0,0.0,0.0,0.0,0.0,0.0,0.0,0.0,0.0,0.0,0.0,0.0
AS14.33,2014-04-13,7.125,-0.25,1.0,0.07956655925619571,23800.427002429966,14.0,2.0,3208.235,1962.671,1216.972,0.0,0.0,0.0,260.45,10622.023,0.0,27.135,448.377,0.0
AS14.33,2014-04-18,7.130434782608695,-0.30434782608695654,0.6521739130434783,0.09466374845812522,62548.443998336785,12.0,1.0,9508.711,10137.779,4784.695,0.0,0.0,0.0,328.759,34586.987,55.455,0.0,283.658,0.0
AS14.33,2014-04-23,6.875,-0.08333333333333333,0.5,0.13731689899960017,52158.69099974632,59.0,9.0,13873.214,6029.539,4408.074,0.0,0.0,0.0,305.297,22613.095,86.881,4.011,118.662,0.0
AS14.33,2014-04-28,6.578947368421052,-0.7894736842105263,0.5789473684210527,0.13230013158082773,61005.82199907303,16.0,6.0,14289.839,5628.004,3409.045,3.106,0.0,0.0,364.788,22389.279,568.717,0.0,645.894,0.0
AS14.33,2014-05-03,6.666666666666667,-0.5555555555555556,0.3333333333333333,0.15296029204948486,42731.4769973755,29.0,4.0,21972.717,8510.131,2630.454,0.0,0.0,0.0,136.625,16650.542,391.918,0.0,116.415,0.0
AS14.33,2014-05-08,6.208333333333333,-0.3333333333333333,0.4166666666666667,0.04368682122141842,62711.44200158119,13.0,2.0,7150.614,5013.033,3627.129,0.0,0.0,0.0,587.513,24365.374,402.919,0.0,297.055,0.0
AS14.33,2014-05-13,6.4,0.1,0.5,0.061669670326739985,53973.94199705123,21.0,3.0,9285.669,8944.714,4169.625,0.0,0.0,0.0,335.67,20749.623,233.84300000000002,2.007,93.694,0.0
AS14.33,2014-05-18,6.041666666666667,-0.3333333333333333,0.125,0.01478740859182342,45429.18100214004,6.0,0.0,4892.093,6381.405,3073.543,0.0,0.0,0.0,317.44599999999997,25674.846,0.0,2.01,19.959,0.0
AS14.33,2014-05-23,6.0,-0.68,0.24,0.05954818265080787,48072.47999882698,14.0,7.0,6391.362,7964.753,3167.886,0.0,0.0,130.53,605.229,22463.911,0.0,0.0,153.155,0.0
AS14.33,2014-05-28,7.357142857142857,-0.7142857142857143,0.5714285714285714,0.15354579635628887,27387.85599732399,19.0,2.0,5995.11,4042.362,1011.664,0.0,0.0,357.909,611.758,10317.542,1053.587,8.072,266.69,0.0
